0,0,0,0,0,0,0,53.93,0,0,82.36,99.63139,3.126044,0,0,0,0,0,0,89.9999,89.9999,0,0
0.01,0.01,0.01,0,0.5982012,0,72.87074,53.93,0,0,82.34353,99.63139,3.129026,11.29982242,11.29982242,7.58761E-05,7.335871133,0.1129982,7.58761E-07,89.9999,89.9999,0.000564991,3.79E-09
0.02,0.02,0.01,0,0.5982012,0,145.5734,53.92826,0.006550304,0,82.32705,99.63139,3.132007,54.67226988,54.67226988,0.000151575,7.364610688,0.6597209,2.27451E-06,89.9999,89.9999,0.004428586,1.90E-08
0.03,0.03,0.01,0,0.5982012,0,218.2761,53.92306,0.006601728,0,82.31058,99.63139,3.134989,98.05977247,98.05977247,0.000227301,7.516178463,1.640319,4.54752E-06,89.9999,89.9999,0.01592879,5.31E-08
0.04,0.04,0.01,0,0.5982011,0,290.9788,53.91438,0.006876255,0,82.29411,99.63139,3.137971,141.466699,141.466699,0.00030306,7.945770963,3.054986,7.57812E-06,89.9999,89.9999,0.03940531,1.14E-07
0.05,0.05,0.01,0,0.598201,0,363.6815,53.90224,0.007684745,0,82.27763,99.63139,3.140953,184.9012365,184.9012365,0.000378868,8.82335473,4.903998,1.13668E-05,89.9999,89.9999,0.07920022,2.08E-07
0.05999999,0.05999999,0.01,0,0.5982008,0,436.3842,53.88662,0.009475986,0,82.26115,99.63139,3.143934,228.3715679,228.3715679,0.000454738,10.26964905,7.187714,1.59142E-05,89.9999,89.9999,0.1396588,3.45E-07
0.06999999,0.06999999,0.01,0,0.5982006,0,509.0869,53.86753,0.01283711,0,82.24468,99.63139,3.146916,271.8857551,271.8857551,0.000530684,12.32650339,9.906571,2.1221E-05,89.9999,89.9999,0.2251302,5.31E-07
0.07999999,0.07999999,0.01124879,0,0.6096066,0,581.7897,53.84498,0.01884681,0,82.22821,99.63139,3.149898,315.4516311,315.4516311,0.000606721,14.97980967,13.06109,2.72882E-05,89.9999,89.9999,0.3399685,7.73E-07
0.08999999,0.08999999,0.01367012,0,0.6245384,0,597.7133,53.81895,0.02851536,0,82.21173,99.63139,3.152879,325.1334006,325.1334006,0.000623619,17.885686,16.31242,3.35244E-05,89.9999,89.9999,0.486836,1.08E-06
0.09999999,0.09999999,0.01632194,0,0.6344054,0,599.4421,53.79054,0.04129369,0,82.19526,99.63139,3.155861,326.3485597,326.3485597,0.00062574,20.90499151,19.5759,3.97818E-05,89.9999,89.9999,0.6662776,1.44E-06
0.11,0.11,0.01907728,0,0.6406278,0,601.171,53.76198,0.05696517,0,82.17879,99.63139,3.158843,327.5643111,327.5643111,0.000627862,23.99991212,22.85154,4.60604E-05,89.9999,89.9999,0.8784149,1.87E-06
0.12,0.12,0.02190163,0,0.6445072,0,602.8999,53.73333,0.07553507,0,82.16231,99.63139,3.161825,328.7801837,328.7801837,0.000629984,27.14899794,26.13934,5.23603E-05,89.9999,89.9999,1.123369,2.36E-06
0.13,0.13,0.02477542,0,0.6468615,0,604.6288,53.70461,0.09701029,0,82.14584,99.63139,3.164807,329.9961581,329.9961581,0.000632106,30.33933867,29.4393,5.86813E-05,89.9999,89.9999,1.401262,2.92E-06
0.14,0.14,0.02768686,0,0.6482031,0,606.3577,53.6758,0.1214001,0,82.12936,99.63139,3.167788,331.2122686,331.2122686,0.000634229,33.56275751,32.75142,6.50236E-05,89.9999,89.9999,1.712216,3.54E-06
0.15,0.15,0.0306285,0,0.6488588,0,608.0866,53.6469,0.1487162,0,82.11289,99.63139,3.17077,332.4284669,332.4284669,0.000636351,36.81384798,36.0757,7.13872E-05,89.9999,89.9999,2.056352,4.22E-06
0.16,0.16,0.0335954,0,0.6490417,0,609.8156,53.61793,0.1789716,0,82.09641,99.63139,3.173752,333.6448607,333.6448607,0.000638474,40.08891286,39.41215,7.77719E-05,89.9999,89.9999,2.433791,4.97E-06
0.17,0.17,0.03658419,0,0.6488944,0,611.5446,53.58887,0.2121816,0,82.07994,99.63139,3.176733,334.8613476,334.8613476,0.000640598,43.3853306,42.76077,8.41779E-05,89.9999,89.9999,2.844656,5.78E-06
0.18,0.18,0.03959249,0,0.6485143,0,613.2736,53.55973,0.2483626,0,82.06347,99.63139,3.179715,336.0778887,336.0778887,0.000642721,46.70118766,46.12155,9.06051E-05,89.9999,89.9999,3.289067,6.65E-06
0.19,0.19,0.04261853,0,0.647969,0,615.0026,53.53051,0.2875319,0,82.04699,99.63139,3.182697,337.2946114,337.2946114,0.000644844,50.03507949,49.4945,9.70535E-05,89.9999,89.9999,3.767147,7.59E-06
0.2,0.2,0.04566105,0,0.6473066,0,616.7317,53.50121,0.3297085,0,82.03052,99.63139,3.185679,338.511439,338.511439,0.000646968,53.38592416,52.87961,0.000103523,89.9999,89.9999,4.279018,8.59E-06
0.21,0.21,0.04871905,0,0.6465614,0,618.4608,53.47182,0.3749115,0,82.01405,99.63139,3.18866,339.7283785,339.7283785,0.000649092,56.75290466,56.27689,0.000110014,89.9999,89.9999,4.8248,9.66E-06
0.22,0.22,0.0517918,0,0.6457588,0,620.1898,53.44235,0.4231617,0,81.99757,99.63139,3.191642,340.9453104,340.9453104,0.000651216,60.13537326,59.68634,0.000116526,89.9999,89.9999,5.404616,1.08E-05
0.23,0.23,0.05487871,0,0.644917,0,621.9189,53.4128,0.4744794,0,81.98109,99.63139,3.194624,342.1624018,342.1624018,0.00065334,63.53281551,63.10796,0.00012306,89.9999,89.9999,6.018588,1.20E-05
0.24,0.24,0.05797929,0,0.6440498,0,623.6481,53.38316,0.5288869,0,81.96462,99.63139,3.197606,343.3795818,343.3795818,0.000655465,66.94482766,66.54176,0.000129614,89.9999,89.9999,6.666837,1.33E-05
0.25,0.25,0.06109319,0,0.6431674,0,625.2589,53.35345,0.5864058,0,81.94815,99.63139,3.200587,344.5253921,344.5253921,0.000657464,70.37034739,69.98701,0.000136189,89.9999,89.9999,7.349481,1.46E-05
0.26,0.26,0.06421945,0,0.6422776,0,625.8038,53.32365,0.6470462,0,81.93167,99.63139,3.203569,345.0281221,345.0281221,0.000658342,73.80270918,73.43729,0.000142772,89.9999,89.9999,8.066602,1.60E-05
0.27,0.27,0.06735197,0,0.6413879,0,626.3488,53.2938,0.7107075,0,81.9152,99.63139,3.206551,345.5299655,345.5299655,0.000659218,77.24166501,76.89259,0.000149365,89.9999,89.9999,8.818251,1.74E-05
0.28,0.28,0.07049054,0,0.6405026,0,626.8938,53.26392,0.7773948,0,81.89873,99.63139,3.209532,346.0307492,346.0307492,0.000660092,80.68700671,80.3529,0.000155965,89.9999,89.9999,9.604478,1.90E-05
0.29,0.29,0.07363495,0,0.6396247,0,627.4388,53.23402,0.8471138,0,81.88225,99.63139,3.212514,346.5304633,346.5304633,0.000660964,84.13854801,83.8182,0.000162575,89.9999,89.9999,10.42533,2.06E-05
0.3,0.3,0.07678506,0,0.6387568,0,627.9839,53.2041,0.9198694,0,81.86578,99.63139,3.215496,347.029069,347.029069,0.000661834,87.59614828,87.28849,0.000169193,89.9999,89.9999,11.28087,2.22E-05
0.31,0.31,0.07994072,0,0.6379004,0,628.529,53.17415,0.9956677,0,81.8493,99.63139,3.218478,347.526621,347.526621,0.000662703,91.05967787,90.76376,0.00017582,89.9999,89.9999,12.17113,2.39E-05
0.32,0.32,0.08310182,0,0.6370569,0,629.074,53.14417,1.074515,0,81.83283,99.63139,3.22146,348.0230179,348.0230179,0.000663569,94.52902432,94.244,0.000182456,89.9999,89.9999,13.09617,2.57E-05
0.33,0.33,0.08626827,0,0.636227,0,629.6191,53.11417,1.156418,0,81.81635,99.63139,3.224441,348.5184062,348.5184062,0.000664434,98.00407939,97.72919,0.0001891,89.9999,89.9999,14.05603,0.00002759
0.3399999,0.3399999,0.08943994,0,0.6354113,0,630.1643,53.08414,1.241382,0,81.79988,99.63139,3.227423,349.0126759,349.0126759,0.000665296,101.4847367,101.2193,0.000195753,89.9999,89.9999,15.05077,2.95143E-05
0.3499999,0.3499999,0.09261678,0,0.6346102,0,630.7095,53.05408,1.329414,0,81.78341,99.63139,3.230405,349.5058634,349.5058634,0.000666157,104.9709996,104.7144,0.000202415,89.9999,89.9999,16.08044,3.15051E-05
0.3599999,0.3599999,0.09579876,3.877707,0.6338238,0,631.2547,53.024,1.420522,0,81.76693,99.63139,3.233387,349.9979,349.9979,0.000666671,108.4627201,108.2144,0.000209082,89.9999,89.99989,17.16259,3.36E-05
0.3699999,0.3699999,0.09898577,3.749799,0.6935315,0.8278196,631.7999,52.9939,1.659421,2.110457,81.75046,95.34873,2.461226,350.4030613,350.401,-1.201889,111.9581619,111.7184,-0.01180981,89.9994,90.00606,18.27977,-2.44E-05
0.3799999,0.3799999,0.1021762,3.628288,0.6886131,0.7970574,632.3452,52.96376,1.755514,2.16104,81.73399,95.4716,2.486447,350.8935566,350.8914,-1.230243,115.4589959,115.2273,-0.02411224,89.99788,90.01199,19.43204,-0.000204051
0.3899999,0.3899999,0.1053716,3.512548,0.6840686,0.7680473,632.8904,52.9336,1.854644,2.210717,81.71751,95.58936,2.510741,351.3828276,351.3806,-1.251195,118.9651845,118.7411,-0.03662419,89.99531,90.01767,20.61945,-0.000507733
0.3999999,0.3999999,0.1085719,3.402004,0.6798549,0.7406095,633.4357,52.90342,1.956811,2.259379,81.70103,95.70245,2.534193,351.8711721,351.8689,-1.264513,122.476694,122.2598,-0.04926932,89.99165,90.02309,21.84205,-0.000937201
0.4099999,0.4099999,0.1117771,3.29616,0.6759342,0.7145809,633.981,52.8732,2.062012,2.306894,81.68456,95.81134,2.556883,352.3582881,352.356,-1.269814,125.9934947,125.7834,-0.06196746,89.98689,90.02822,23.09988,-0.001493385
0.4199999,0.4199999,0.1149872,3.194574,0.6722749,0.6898215,634.4285,52.84296,2.170251,2.353112,81.66809,95.9164,2.578881,352.7846747,352.7824,-1.266868,129.5148614,129.3112,-0.07463614,89.981,90.03307,24.393,-0.002176403
0.4299999,0.4299999,0.1182016,3.096856,0.6688499,0.6662081,634.7292,52.8127,2.281502,2.39788,81.65161,96.01798,2.600248,353.1206314,353.1184,-1.255352,133.0399714,132.8424,-0.08718966,89.97392,90.03761,25.72142,-0.002985532
0.4399998,0.4399998,0.1214193,3.002634,0.6656356,0.6436326,635.03,52.78242,2.395741,2.441066,81.63514,96.11639,2.621041,353.4551574,353.453,-1.234951,136.5687034,136.3769,-0.09953917,89.96566,90.04182,27.08519,-0.003919176
0.4499998,0.4499998,0.1246404,2.911576,0.6626111,0.621994,635.3308,52.75212,2.51296,2.482527,81.61867,96.21193,2.641315,353.7883534,353.7863,-1.205366,140.101138,139.9148,-0.1115928,89.95618,90.0457,28.48434,-0.004974836
0.4599998,0.4599998,0.127865,2.823377,0.6597581,0.6012026,635.6317,52.72182,2.633163,2.522111,81.6022,96.30488,2.66112,354.1201208,354.1182,-1.166345,143.6371581,143.456,-0.1232563,89.94546,90.04922,29.9189,-0.006149082
0.4699998,0.4699998,0.1310929,2.737764,0.6570606,0.5811771,635.9325,52.69149,2.756345,2.559655,81.58572,96.39549,2.680502,354.4505619,354.4488,-1.117579,147.1767481,147.0005,-0.1344321,89.93347,90.0524,31.3889,-0.007437523
0.4799998,0.4799998,0.134324,2.654489,0.6545047,0.5618455,636.2334,52.66116,2.882506,2.594999,81.56924,96.48399,2.699502,354.77968,354.7781,-1.058805,150.719894,150.5483,-0.1450202,89.9202,90.05519,32.89439,-0.008834785
0.4899998,0.4899998,0.1375585,2.573325,0.652078,0.5431429,636.5343,52.63081,3.011645,2.62797,81.55277,96.57061,2.718161,355.1073793,355.106,-0.9897551,154.2664832,154.0993,-0.1549177,89.90562,90.0576,34.43538,-0.01033447
0.4999998,0.4999998,0.1407962,2.494065,0.6497697,0.5250103,636.8352,52.60044,3.14376,2.658398,81.53629,96.65553,2.736513,355.4337653,355.4326,-0.9101557,157.8166042,157.6536,-0.1640193,89.88972,90.05961,36.01191,-0.01192916
0.5099998,0.5099998,0.1440371,2.416528,0.6475704,0.5073943,637.1362,52.57006,3.278857,2.686103,81.51982,96.73895,2.754592,355.7587444,355.7578,-0.8197334,161.3702466,161.2112,-0.1722166,89.87249,90.06121,37.62402,-0.01361034
0.5199998,0.5199998,0.1472813,2.340542,0.6454716,0.4902492,637.4371,52.53967,3.416939,2.710911,81.50335,96.82101,2.772427,356.0824245,356.0817,-0.7183076,164.927301,164.772,-0.1793997,89.8539,90.06239,39.27174,-0.01536842
0.5299998,0.5299998,0.1505287,2.265958,0.6434659,0.4735309,637.7381,52.50926,3.558004,2.73263,81.48687,96.90189,2.790047,356.4046145,356.4041,-0.6055937,168.4877588,168.336,-0.1854556,89.83396,90.06312,40.9551,-0.0171927
0.5399998,0.5399998,0.1537793,2.192638,0.6415468,0.4572021,638.0391,52.47884,3.702056,2.751082,81.4704,96.9817,2.807476,356.7256248,356.7253,-0.4814062,172.0516124,171.9032,-0.1902697,89.81265,90.06342,42.67414,-0.01907132
0.5499998,0.5499998,0.157033,2.120449,0.6397086,0.4412285,638.3401,52.4484,3.849102,2.766086,81.45393,97.06059,2.824736,357.0451672,357.045,-0.3455571,175.6188546,175.4736,-0.1937253,89.78996,90.06326,44.42887,-0.0209913
0.5599998,0.5599998,0.1602899,2.04929,0.6379461,0.4255776,638.6412,52.41795,3.999148,2.777442,81.43745,97.13869,2.841853,357.3633547,357.3633,-0.1978032,179.189479,179.0472,-0.1957033,89.7659,90.06262,46.21935,-0.02293844
0.5699998,0.5699998,0.1635499,1.979053,0.6362548,0.4102237,638.9423,52.38748,4.152201,2.784978,81.42097,97.21606,2.858839,357.680102,357.6801,-0.03805498,182.7634797,182.624,-0.1960838,89.74046,90.06152,48.04559,-0.02489738
0.5799997,0.5799997,0.166813,1.909646,0.6346306,0.3951408,639.2434,52.357,4.308267,2.788498,81.4045,97.29285,2.875718,357.995425,357.9954,0.1338838,186.3407514,186.2039,-0.194745,89.71363,90.05992,49.90762,-0.02685152
0.5899997,0.5899997,0.1700792,1.841,0.63307,0.3803066,639.3791,52.32651,4.467357,2.787792,81.38803,97.36911,2.892503,358.2077408,358.2076,0.3176497,189.9203897,189.786,-0.1915685,89.68544,90.05783,51.80548,-0.02878309
0.5999997,0.5999997,0.1733477,1.773046,0.6315701,0.3657038,639.4439,52.296,4.629435,2.782676,81.37155,97.44492,2.909206,358.3748679,358.3745,0.5135126,193.5017904,193.3697,-0.1864334,89.65588,90.05524,53.73918,-0.0306731
0.6099997,0.6099997,0.1766178,1.705722,0.6301282,0.3513162,639.5087,52.2655,4.794481,2.77299,81.35508,97.52035,2.92584,358.5403265,358.5396,0.7217562,197.0850493,196.9551,-0.1792158,89.62496,90.05213,55.70873,-0.03250134
0.6199997,0.6199997,0.1798897,1.638973,0.6287419,0.3371283,639.5735,52.23499,4.962513,2.758559,81.33861,97.59545,2.942415,358.704238,358.703,0.9424095,200.6700627,200.5421,-0.1697917,89.59271,90.04851,57.71415,-0.03424638
0.6299997,0.6299997,0.1831632,1.572747,0.6274087,0.3231268,639.6384,52.20447,5.133534,2.739222,81.32214,97.67028,2.958941,358.8666252,358.8647,1.175503,204.2569272,204.1308,-0.1580367,89.55914,90.04436,59.75546,-0.03588552
0.6399997,0.6399997,0.1864385,1.507006,0.6261268,0.3092995,639.7032,52.17395,5.30756,2.714809,81.30566,97.7449,2.975428,359.0273124,359.0245,1.421063,207.8454397,207.721,-0.1438261,89.52425,90.03967,61.83267,-0.03739484
0.6499997,0.6499997,0.1897154,1.441725,0.6248944,0.2956368,639.7682,52.14343,5.484598,2.685173,81.28918,97.81934,2.991883,359.1865245,359.1826,1.679063,211.4356975,211.3128,-0.1270355,89.4881,90.03444,63.9458,-0.03874914
0.6599997,0.6599997,0.192994,1.376873,0.62371,0.2821327,639.8331,52.1129,5.664663,2.65019,81.27271,97.89361,3.008307,359.3439875,359.3387,1.949364,215.0276981,214.9062,-0.1075419,89.4507,90.02867,66.09486,-0.03992203
0.6699997,0.6699997,0.1962742,1.312434,0.622572,0.2687792,639.898,52.08237,5.847771,2.609712,81.25623,97.96776,3.02471,359.4999285,359.493,2.231934,218.6213392,218.5011,-0.08522256,89.41208,90.02235,68.27988,-0.04088585
0.6799996,0.6799996,0.199556,1.248395,0.6214793,0.255572,639.963,52.05185,6.033937,2.56363,81.23976,98.04179,3.041092,359.6542751,359.6454,2.526628,222.216619,222.0975,-0.05995628,89.37228,90.01546,70.50085,-0.04161175
0.6899996,0.6899996,0.2028394,1.184752,0.6204307,0.2425076,640.028,52.02131,6.223172,2.511835,81.22329,98.11572,3.057454,359.8068556,359.7957,2.833298,225.8136356,225.6955,-0.0316233,89.33134,90.00803,72.75781,-0.04206964
0.6999996,0.6999996,0.2061244,1.121512,0.6194251,0.2295837,640.093,51.99078,6.415501,2.454232,81.20681,98.18954,3.073797,359.9579983,359.9442,3.151736,229.4121876,229.2949,-0.000105941,89.28931,90.00002,75.05076,-0.04222829
0.7099996,0.7099996,0.2094109,1.058675,0.6184616,0.2168009,640.1581,51.96024,6.610937,2.390762,81.19034,98.26326,3.090121,360.1074315,360.0906,3.481671,233.0123737,232.8958,0.03471077,89.24622,89.99146,77.37971,-0.04205526
0.7199996,0.7199996,0.212699,0.9962625,0.6175393,0.2041581,640.2231,51.9297,6.809497,2.321351,81.17387,98.33685,3.106423,360.255284,360.235,3.822881,236.6141927,236.4982,0.07293957,89.20215,89.98232,79.7447,-0.04151701
0.7299996,0.7299996,0.2159887,0.9342933,0.6166572,0.1916587,640.2882,51.89915,7.01121,2.245979,81.15739,98.41029,3.122697,360.4014827,360.3773,4.174974,240.2175436,240.102,0.1146893,89.15714,89.97263,82.14571,-0.04057887
0.7399996,0.7399996,0.2192799,0.8727859,0.6158146,0.1793052,640.3533,51.8686,7.216084,2.164623,81.14091,98.48356,3.13894,360.5460548,360.5175,4.537603,243.8224258,243.7072,0.1600653,89.11124,89.96237,84.58279,-0.0392051
0.7499996,0.7499996,0.2225725,0.8117738,0.6150107,0.1671002,640.4185,51.83805,7.424142,2.077274,81.12444,98.55662,3.155145,360.6891267,360.6557,4.910412,247.4288386,247.3138,0.2091694,89.06454,89.95155,87.05592,-0.03735892
0.7599996,0.7599996,0.2258666,0.751299,0.6142446,0.155049,640.4683,51.8075,7.635406,1.98396,81.10797,98.62943,3.171306,360.8209211,360.7821,5.29277,251.0365815,250.9216,0.2620971,89.0171,89.94015,89.56514,-0.03500259
0.7699996,0.7699996,0.229162,0.6913958,0.6135155,0.1431584,640.5165,51.77694,7.849883,1.884749,81.09149,98.70193,3.18741,360.9500607,360.9053,5.684254,254.645754,254.5307,0.3189396,88.96899,89.9282,92.11044,-0.03209741
0.7799996,0.7799996,0.2324588,0.6321143,0.6128226,0.1314341,640.5648,51.74638,8.0676,1.779698,81.07502,98.77409,3.203451,361.0776665,361.0264,6.084384,258.256256,258.141,0.3797834,88.92029,89.9157,94.69186,-0.0286038
0.7899995,0.7899995,0.2357569,0.5735044,0.612165,0.1198842,640.613,51.71582,8.288568,1.668922,81.05855,98.84581,3.219414,361.2034554,361.1451,6.492531,261.8679873,261.7524,0.4447087,88.87108,89.90266,97.30938,-0.02448134
0.7999995,0.7999995,0.2390563,0.5156159,0.6115418,0.1085166,640.6613,51.68526,8.512804,1.552548,81.04208,98.91705,3.235291,361.3277421,361.2617,6.908063,265.4810478,265.365,0.5137894,88.82146,89.88907,99.96303,-0.01968884
0.8099995,0.8099995,0.2423569,0.4585125,0.610952,0.09733939,640.7095,51.65469,8.740327,1.430721,81.0256,98.98772,3.251063,361.4503384,361.376,7.33033,269.0954374,268.9788,0.5870927,88.7715,89.87494,102.6528,-0.01418443
0.8199995,0.8199995,0.2456589,0.402252,0.6103946,0.08636287,640.7578,51.62412,8.971155,1.30364,81.00912,99.05775,3.26672,361.5712506,361.488,7.758552,272.7110561,272.5937,0.6646782,88.72131,89.86029,105.3788,-0.007925581
0.8299995,0.8299995,0.248962,0.3469054,0.6098685,0.07559612,640.8062,51.59355,9.205299,1.171508,80.99265,99.12704,3.282243,361.6904829,361.5977,8.191995,276.3279041,276.2097,0.7465982,88.67097,89.84513,108.1409,-0.0008692
0.8399995,0.8399995,0.2522664,0.2925369,0.6094862,0.06504986,640.8546,51.56298,9.444531,1.034574,80.97617,99.19551,3.297617,361.8070333,361.7041,8.629796,279.9458815,279.8267,0.8328961,88.6206,89.82946,110.9391,0.007028272
0.8499995,0.8499995,0.255572,0.2392236,0.609185,0.05473467,640.903,51.53241,9.688012,0.8931106,80.9597,99.26305,3.312824,361.9212963,361.8076,9.071124,283.5650882,283.4448,0.9236073,88.5703,89.8133,113.7736,0.01581079
0.8599995,0.8599995,0.2588787,0.1870362,0.6089117,0.04466304,640.9514,51.50183,9.934983,0.747447,80.94323,99.32956,3.327843,362.0337591,361.9087,9.515021,287.1854243,287.0639,1.018757,88.52016,89.79667,116.6442,0.02552261
0.8699995,0.8699995,0.2621866,0.136052,0.6086648,0.03484574,640.9998,51.47125,10.18544,0.5979102,80.92676,99.39493,3.342656,362.1444057,362.0074,9.96057,290.8068899,290.684,1.118363,88.47031,89.77956,119.551,0.03620821
0.8799995,0.8799995,0.2654955,0.08635457,0.6084427,0.02529459,641.0482,51.44067,10.43939,0.4448729,80.91028,99.45905,3.357243,362.2533134,362.1038,10.40678,294.4293848,294.305,1.222431,88.42085,89.76202,122.4941,0.04791218
0.8899994,0.8899994,0.2688056,0.03802621,0.6082442,0.01602239,641.0967,51.41008,10.69683,0.2887548,80.89381,99.52179,3.371581,362.3604518,362.1979,10.85257,298.0530089,297.927,1.330957,88.3719,89.74404,125.4734,0.06067912
0.8999994,0.8999994,0.2721168,-0.008856856,0.6080679,0.007041519,641.1451,51.3795,10.95777,0.1299978,80.87733,99.58304,3.385648,362.4656857,362.2896,11.29686,301.677662,301.5499,1.443926,88.32358,89.72565,128.4889,0.07455353
0.9099994,0.9099994,0.2754291,-0.05420605,0.6079119,-0.001638121,641.1937,51.34891,11.22221,-0.03097138,80.86086,99.62012,3.395341,362.5691759,362.3791,11.73862,305.3033435,305.1737,1.561312,88.276,89.70687,131.5406,0.08957972
0.9199994,0.9199994,0.2787423,-0.09794567,0.6077747,-0.01004461,641.2424,51.31832,11.49013,-0.1944341,80.84438,99.56251,3.387896,362.6709891,362.4665,12.17714,308.930053,308.7984,1.683083,88.22928,89.68772,134.6286,0.1058017
0.9299994,0.9299994,0.2820567,-0.139986,0.607655,-0.01818271,641.2921,51.28772,11.76153,-0.360251,80.82791,99.50713,3.380855,362.7714841,362.5522,12.61158,312.5576901,312.4239,1.809199,88.18353,89.66821,137.7528,0.1232631
0.9399994,0.9399994,0.2853719,-0.1802527,0.6075507,-0.02603239,641.3418,51.25713,12.03638,-0.5277802,80.81143,99.45409,3.374235,362.8701,362.6357,13.04065,316.186254,316.0502,1.939605,88.13886,89.64838,140.9133,0.1420071
0.9499994,0.9499994,0.2886882,-0.2186718,0.6074606,-0.03357637,641.3915,51.22653,12.3147,-0.6963913,80.79496,99.40344,3.368051,362.9668747,362.7171,13.46319,319.8158436,319.6774,2.074237,88.0954,89.62824,144.1101,0.1620763
0.9599994,0.9599994,0.2920055,-0.2551624,0.6073829,-0.04079743,641.4412,51.19593,12.59646,-0.8654128,80.77849,99.35527,3.362314,363.0618391,362.7965,13.87799,323.4463577,323.3054,2.213017,88.05324,89.60782,147.3432,0.1835126
0.9699994,0.9699994,0.2953238,-0.2896583,0.607316,-0.04767707,641.491,51.16533,12.88163,-1.034101,80.76202,99.30965,3.357038,363.1548166,362.8738,14.28377,327.0776948,326.9341,2.355855,88.0125,89.58714,150.6125,0.206357
0.9799994,0.9799994,0.2986429,-0.322094,0.6072579,-0.05419942,641.5407,51.13473,13.17019,-1.201728,80.74554,99.26663,3.352234,363.2459284,362.9492,14.67933,330.7099529,330.5636,2.502648,87.97327,89.56623,153.9181,0.2306495
0.9899994,0.9899994,0.301963,-0.352404,0.6072072,-0.06034895,641.5905,51.10412,13.46212,-1.367527,80.72906,99.2263,3.347915,363.3349909,363.0226,15.06345,334.3430301,334.1938,2.653283,87.93567,89.54512,157.2601,0.2564291
0.9999993,0.9999993,0.3052839,-0.3805378,0.6071622,-0.06611008,641.6404,51.07351,13.75738,-1.530694,80.71259,99.1887,3.344092,363.4222161,363.0943,15.43491,337.9769236,337.8247,2.807632,87.89977,89.52383,160.6383,0.2837337
1.009999,1.009999,0.3086057,-0.4064447,0.6071213,-0.07147022,641.6902,51.0429,14.05595,-1.690446,80.69611,99.15387,3.34077,363.5074146,363.1642,15.79254,341.6117307,341.4564,2.965557,87.86566,89.5024,164.0529,0.3125996
1.019999,1.019999,0.3119285,-0.4300739,0.6070828,-0.07641689,641.7401,51.01229,14.3578,-1.845968,80.67964,99.12187,3.33796,363.5905959,363.2324,16.13521,345.2472482,345.0887,3.126909,87.83344,89.48085,167.5038,0.343062
1.029999,1.029999,0.3152521,-0.4513823,0.6070455,-0.08093767,641.7899,50.98167,14.66289,-1.996409,80.66317,99.09274,3.33567,363.671764,363.299,16.46173,348.8835724,348.7217,3.291526,87.80319,89.45921,170.991,0.3751541
1.039999,1.039999,0.3185765,-0.4703405,0.6070076,-0.08502187,641.8398,50.95106,14.97118,-2.14092,80.6467,99.06652,3.333905,363.7508226,363.364,16.77094,352.5205993,352.3553,3.459235,87.77498,89.43752,174.5145,0.4089079
1.049999,1.049999,0.3219017,-0.4869267,0.6069686,-0.08866151,641.8898,50.92044,15.28265,-2.278688,80.63022,99.04322,3.33267,363.8278812,363.4276,17.06185,356.1584245,355.9896,3.629853,87.74886,89.4158,178.0744,0.4443534
1.059999,1.059999,0.3252277,-0.5011178,0.6069266,-0.0918504,641.9398,50.88982,15.59726,-2.408916,80.61375,99.02287,3.331969,363.9027501,363.4897,17.33348,359.7969431,359.6245,3.803188,87.7249,89.3941,181.6707,0.4815186
1.069999,1.069999,0.3285545,-0.5128984,0.6068809,-0.09458227,641.9898,50.85919,15.91497,-2.530774,80.59727,99.00548,3.331802,363.9756389,363.5506,17.58485,363.4361499,363.26,3.979037,87.70316,89.37242,185.3033,0.5204297
1.079999,1.079999,0.331882,-0.5222664,0.6068308,-0.09685256,642.0398,50.82857,16.23577,-2.643456,80.5808,98.99105,3.332172,364.0463599,363.6102,17.81501,367.0760392,366.8961,4.157187,87.68366,89.35083,188.9722,0.5611109
1.089999,1.089999,0.3352104,-0.5292191,0.6067754,-0.0986596,642.117,50.79794,16.55961,-2.746209,80.56432,98.97959,3.33308,364.131949,363.6856,18.02389,370.7167052,370.5329,4.337426,87.66646,89.32933,192.6776,0.6035839
1.099999,1.099999,0.3385395,-0.5337746,0.6067142,-0.1000018,642.2124,50.76731,16.88648,-2.838269,80.54785,98.97109,3.334523,364.2271229,363.7716,18.21044,374.3583414,374.1706,4.519531,87.65158,89.30797,196.4193,0.6478687
1.109999,1.109999,0.3418697,-0.53595,0.6066468,-0.1008819,642.3078,50.73667,17.21638,-2.918972,80.53138,98.96552,3.336497,364.3200091,363.8564,18.3736,378.0008412,377.8091,4.703267,87.63903,89.28677,200.1974,0.6939827
1.119999,1.119999,0.3452007,-0.535769,0.6065729,-0.1013027,642.4032,50.70603,17.54929,-2.987648,80.5149,98.96287,3.338998,364.4106457,363.9401,18.51276,381.6442971,381.4485,4.888395,87.62884,89.26578,204.0118,0.741941
1.129999,1.129999,0.3485328,-0.5332686,0.6064927,-0.1012685,642.4987,50.67538,17.88519,-3.043666,80.49843,98.96309,3.34202,364.4991794,364.0229,18.6274,385.2886019,385.0887,5.074669,87.62099,89.24501,207.8627,0.7917563
1.139999,1.139999,0.3518659,-0.5284981,0.6064062,-0.1007864,642.5942,50.64474,18.22407,-3.086477,80.48196,98.96614,3.345554,364.5854665,364.1047,18.7171,388.9338476,388.7298,5.26184,87.61547,89.22449,211.75,0.8434388
1.149999,1.149999,0.3551999,-0.5215057,0.6063134,-0.09986634,642.6896,50.61408,18.56594,-3.115611,80.46548,98.97197,3.349591,364.6694783,364.1855,18.78164,392.5798262,392.3716,5.449656,87.61228,89.20427,215.6738,0.8969963
1.159999,1.159999,0.3585347,-0.51236,0.6062151,-0.09851795,642.7852,50.58342,18.91078,-3.130614,80.44901,98.98052,3.35412,364.7512887,364.2654,18.82076,396.2267293,396.0143,5.637864,87.61138,89.18436,219.6339,0.9524339
1.169999,1.169999,0.3618705,-0.5011274,0.6061115,-0.09675521,642.8807,50.55276,19.2586,-3.131166,80.43253,98.99171,3.359128,364.8309909,364.3445,18.83447,399.8743485,399.6577,5.826209,87.61273,89.1648,223.6305,1.009754
1.179999,1.179999,0.3652071,-0.4878876,0.6060035,-0.09459178,642.9763,50.52209,19.6094,-3.116962,80.41605,99.00546,3.364598,364.9082827,364.4225,18.82276,403.5227751,403.3019,6.014437,87.61629,89.14561,227.6635,1.068958
1.189999,1.189999,0.3685446,-0.4727325,0.6058916,-0.09204406,643.0718,50.49142,19.96321,-3.087812,80.39958,99.02169,3.370517,364.9832771,364.4995,18.78582,407.1720002,406.9469,6.202295,87.62199,89.12682,231.733,1.130041
1.199999,1.199999,0.371883,-0.455752,0.6057771,-0.08913092,643.1675,50.46075,20.32004,-3.043629,80.38311,99.04028,3.376864,365.0560987,364.5756,18.72397,410.8220151,410.5927,6.389534,87.62978,89.10845,235.8389,1.193
1.209999,1.209999,0.3752222,-0.4370546,0.6056603,-0.08587092,643.2631,50.43007,20.67992,-2.984354,80.36664,99.06115,3.383622,365.1267798,364.6508,18.63758,414.4727111,414.2392,6.57591,87.63957,89.09052,239.9813,1.257828
1.219999,1.219999,0.3785622,-0.416755,0.6055426,-0.08228627,643.3588,50.39938,21.04287,-2.910088,80.35016,99.08414,3.390766,365.1950689,364.7248,18.52724,418.1240792,417.8864,6.761182,87.65127,89.07307,244.1602,1.324513
1.229999,1.229999,0.381903,-0.3949723,0.6054247,-0.07840037,643.4545,50.36869,21.40891,-2.82102,80.33369,99.10915,3.398274,365.2612243,364.7978,18.39367,421.776211,421.5344,6.945118,87.66479,89.05609,248.3755,1.393045
1.239999,1.239999,0.3852446,-0.3718373,0.605308,-0.07423741,643.5502,50.338,21.77809,-2.717417,80.31721,99.13604,3.406122,365.3251117,364.8696,18.23766,425.4289979,425.1831,7.127494,87.68002,89.03963,252.6273,1.463408
1.249999,1.249999,0.388587,-0.3474785,0.6051934,-0.06982387,643.6459,50.3073,22.15044,-2.599677,80.30074,99.16463,3.41428,365.3868108,364.9402,18.06023,429.0824318,428.8325,7.308096,87.69684,89.02367,256.9156,1.535586
1.259999,1.259999,0.3919301,-0.3220442,0.6050817,-0.06518558,643.6287,50.2766,22.52599,-2.46823,80.28426,99.1948,3.422722,365.3740461,364.9373,17.85947,432.7358043,432.4819,7.486691,87.71513,89.00826,261.2405,1.60956
1.269999,1.269999,0.3952733,-0.2956788,0.6049738,-0.06035204,643.5833,50.24589,22.9047,-2.323708,80.26779,99.22636,3.431415,365.3409577,364.9149,17.63891,436.3888078,436.131,7.66308,87.73476,88.99339,265.6018,1.685308
1.279999,1.279999,0.3986163,-0.2685323,0.604871,-0.05535191,643.538,50.21519,23.2866,-2.166786,80.25132,99.25914,3.44033,365.305757,364.8911,17.40061,440.0415351,439.7799,7.837086,87.75559,88.97906,269.9996,1.762809
1.289999,1.289999,0.4019593,-0.2407588,0.6047735,-0.05021463,643.4926,50.18449,23.67169,-1.998235,80.23484,99.29296,3.449433,365.2682463,364.8656,17.14601,443.6939798,443.4286,8.008546,87.77748,88.96532,274.4339,1.842037
1.299999,1.299999,0.4053021,-0.2125164,0.6046824,-0.04497026,643.4473,50.15379,24.06006,-1.818925,80.21837,99.32764,3.458691,365.2285309,364.8384,16.87666,447.3460358,447.077,8.177313,87.80028,88.95214,278.9046,1.922967
1.309999,1.309999,0.4086448,-0.1839749,0.604598,-0.03964934,643.402,50.12309,24.45167,-1.629819,80.2019,99.36298,3.468069,365.1867195,364.8095,16.59424,450.9976978,450.7251,8.343255,87.82382,88.93954,283.4119,2.005569
1.319999,1.319999,0.4119872,-0.1552948,0.6045209,-0.0342844,643.3567,50.0924,24.84659,-1.432042,80.18542,99.39877,3.477529,365.1427258,364.7787,16.30062,454.6489611,454.3729,8.506261,87.84795,88.9275,287.9556,2.089817
1.329999,1.329999,0.4153295,-0.126641,0.6044514,-0.02890587,643.3115,50.06171,25.24481,-1.226715,80.16895,99.43481,3.487035,365.0966571,364.746,15.99764,458.2998215,458.0204,8.666237,87.87251,88.91603,292.5358,2.175679
1.339999,1.339999,0.4186715,-0.09817554,0.6043896,-0.02354474,643.2662,50.03102,25.64637,-1.015065,80.15247,99.4709,3.496548,365.048519,364.7113,15.68722,461.9501759,461.6675,8.823109,87.89732,88.90513,297.1525,2.263126
1.349999,1.349999,0.4220133,-0.07007241,0.6043356,-0.01823124,643.221,50.00033,26.05127,-0.7983677,80.13599,99.50684,3.506035,364.9983146,364.6745,15.37136,465.6001217,465.3143,8.976822,87.92222,88.89479,301.8056,2.352126
1.359999,1.359999,0.4253548,-0.04248881,0.6042894,-0.01299747,643.1758,49.96965,26.45953,-0.5780662,80.11952,99.5424,3.515452,364.9460482,364.6355,15.05225,469.2495572,468.9607,9.127344,87.94703,88.88499,306.4952,2.442647
1.369999,1.369999,0.4286961,-0.01557953,0.6042507,-0.007872162,643.1307,49.93896,26.87114,-0.3555419,80.10305,99.57737,3.524764,364.8918113,364.5943,14.73195,472.8983816,472.6066,9.274664,87.9716,88.87575,311.2213,2.534657
1.379999,1.379999,0.4320369,0.01049516,0.6042193,-0.00288332,643.0854,49.90829,27.28608,-0.1322253,80.08658,99.61156,3.533935,364.8354896,364.5507,14.41255,476.5466947,476.2521,9.41879,87.99575,88.86702,315.9838,2.628124
1.389999,1.389999,0.4353775,0.03558466,0.6041945,0.001941947,643.0403,49.87761,27.70434,0.09041319,80.0701,99.61803,3.538087,364.7773644,364.5049,14.09622,480.1944973,479.8972,9.559752,88.01933,88.8588,320.7828,2.723017
1.399999,1.399999,0.4387178,0.05954046,0.6041761,0.006591157,642.9953,49.84693,28.12593,0.3115136,80.05363,99.58614,3.535296,364.7172938,364.4567,13.78471,483.8415909,483.5417,9.697599,88.04215,88.85107,325.6182,2.819304
1.409999,1.409999,0.4420576,0.0822354,0.6041631,0.01103928,642.9502,49.81626,28.55079,0.5295738,80.03716,99.55574,3.532776,364.6551456,364.4059,13.48018,487.4881777,487.1858,9.832401,88.06409,88.84381,330.4901,2.916954
1.419999,1.419999,0.4453971,0.1035388,0.6041552,0.01526139,642.9052,49.78559,28.97893,0.743019,80.02068,99.527,3.530556,364.5912754,364.3528,13.18466,491.1340608,490.8293,9.964248,88.08499,88.83701,335.3984,3.015937
1.429999,1.429999,0.4487361,0.1233413,0.6041514,0.01923177,642.8135,49.75492,29.41029,0.9501568,80.0042,99.50006,3.528662,364.495323,364.267,12.89935,494.7790439,494.472,10.09324,88.10472,88.83064,340.3431,3.116224
1.439999,1.439999,0.4520746,0.141536,0.6041514,0.02292869,642.7219,49.72426,29.84483,1.149413,79.98773,99.47507,3.52712,364.3974474,364.1786,12.62723,498.4230317,498.1138,10.21951,88.12315,88.82466,345.3242,3.217788
1.449999,1.449999,0.4554122,0.1580307,0.6041539,0.02633068,642.6302,49.6936,30.28248,1.339157,79.97126,99.45213,3.52595,364.2976874,364.0876,12.37031,502.0660296,501.7547,10.34321,88.14017,88.81907,350.3418,3.320601
1.459999,1.459999,0.4587492,0.1727417,0.6041585,0.02941924,642.5387,49.66294,30.72323,1.517838,79.95478,99.43137,3.525175,364.1959734,363.9939,12.13045,505.7080436,505.3947,10.46451,88.15567,88.81383,355.3958,3.42464
1.469999,1.469999,0.4620854,0.1856146,0.6041642,0.03217728,642.4471,49.63229,31.16701,1.683917,79.93831,99.41287,3.524808,364.0924306,363.8976,11.90944,509.3489805,509.0337,10.5836,88.16956,88.80891,360.4861,3.529881
1.479999,1.479999,0.4654208,0.1965886,0.6041708,0.03459343,642.3555,49.60164,31.6138,1.836097,79.92184,99.39671,3.524863,363.9868723,363.7985,11.70874,512.9888479,512.6717,10.70069,88.18176,88.80428,365.6128,3.636302
1.489999,1.489999,0.4687554,0.2056368,0.6041772,0.03665517,642.264,49.571,32.06355,1.972977,79.90536,99.38294,3.525354,363.8796152,363.6969,11.52993,516.6276533,516.3087,10.81599,88.19221,88.7999,370.7759,3.743886
1.499999,1.499999,0.4720892,0.2127273,0.6041832,0.03835648,642.1725,49.54036,32.51624,2.093461,79.88889,99.3716,3.526283,363.7704628,363.5926,11.37413,520.2653049,519.9446,10.92973,88.20086,88.79577,375.9753,3.852614
1.509999,1.509999,0.4754223,0.217856,0.6041883,0.03969057,642.0811,49.50973,32.97183,2.196383,79.87241,99.36271,3.527655,363.6593242,363.4855,11.24257,523.9018115,523.5794,11.04216,88.20765,88.79182,381.2111,3.962474
1.519999,1.519999,0.4787544,0.2210313,0.6041921,0.04065602,641.9896,49.4791,33.43028,2.280848,79.85594,99.35629,3.529474,363.5464003,363.3758,11.13612,527.5371818,527.2131,11.15352,88.21259,88.78806,386.4832,4.073452
1.529999,1.529999,0.4820856,0.2222758,0.6041945,0.04125395,641.8982,49.44847,33.89158,2.346086,79.83946,99.35231,3.531737,363.4315899,363.2634,11.05544,531.1714249,530.8457,11.26407,88.21564,88.78442,391.7917,4.18554
1.539999,1.539999,0.4854161,0.2216337,0.6041951,0.04148835,641.8068,49.41785,34.35572,2.391491,79.82299,99.35075,3.534437,363.3148913,363.1483,11.00102,534.8045503,534.4772,11.37408,88.21684,88.78089,397.1364,4.29873
1.549999,1.549999,0.4887457,0.219147,0.6041942,0.04136741,641.7154,49.38724,34.82268,2.416699,79.80652,99.35156,3.537565,363.1961983,363.0304,10.97302,538.4364672,538.1075,11.48381,88.2162,88.77744,402.5175,4.41302
1.559999,1.559999,0.4920744,0.2148851,0.6041918,0.0408991,641.6241,49.35663,35.29244,2.421352,79.79004,99.35468,3.54111,363.0757111,362.9099,10.97162,542.067185,541.7366,11.59353,88.21376,88.77402,407.9349,4.528406
1.569999,1.569999,0.4954022,0.2089298,0.6041881,0.04009671,641.5327,49.32602,35.76503,2.405423,79.77357,99.36001,3.545057,362.9532222,362.7866,10.99656,545.6966128,545.3644,11.7035,88.20956,88.77062,413.3885,4.644891
1.579999,1.579999,0.498729,0.2013739,0.6041831,0.03897597,641.4414,49.29542,36.24041,2.369068,79.7571,99.36747,3.549389,362.8289241,362.6607,11.04739,549.3248594,548.991,11.81397,88.20369,88.76721,418.8784,4.762479
1.589999,1.589999,0.5020549,0.1923253,0.6041774,0.03755479,641.3534,49.26482,36.71862,2.312616,79.74062,99.37694,3.554085,362.7048086,362.5342,11.12349,552.9519336,552.6164,11.9252,88.19622,88.76378,424.4046,4.881175
1.599999,1.599999,0.50538,0.1818961,0.6041715,0.03585399,641.2704,49.23423,37.1997,2.236628,79.72414,99.38829,3.559121,362.5821643,362.4084,11.22397,556.5777442,556.2405,12.03744,88.18723,88.76028,429.967,5.000988
1.609999,1.609999,0.5087041,0.1702168,0.6041656,0.03389524,641.1873,49.20364,37.68362,2.141773,79.70767,99.40137,3.564471,362.457378,362.2797,11.34768,560.202299,559.8633,12.15092,88.17686,88.75668,435.5656,5.121929
1.619999,1.619999,0.5120273,0.1574291,0.6041602,0.03170367,641.1043,49.17306,38.17043,2.02901,79.6912,99.41605,3.570108,362.33083,362.1485,11.49323,563.8255053,563.4847,12.26585,88.16519,88.75299,441.2005,5.244013
1.629999,1.629999,0.5153494,0.1436736,0.6041556,0.02930652,641.0213,49.14248,38.66013,1.899506,79.67472,99.43213,3.576001,362.2021956,362.0145,11.659,567.4474704,567.1048,12.38244,88.15238,88.74918,446.8715,5.367254
1.639999,1.639999,0.5186706,0.1291015,0.6041525,0.02673072,640.9384,49.1119,39.15276,1.754491,79.65825,99.44944,3.582116,362.0718485,361.8781,11.84332,571.0682002,570.7236,12.50087,88.13855,88.74522,452.5788,5.491671
1.649999,1.649999,0.5219908,0.1138698,0.6041512,0.02400516,640.8554,49.08133,39.64836,1.595408,79.64178,99.4678,3.588422,361.9393543,361.7389,12.04427,574.6875009,574.3409,12.62131,88.12385,88.74111,458.3222,5.617281
1.659999,1.659999,0.52531,0.09814624,0.6041521,0.02115972,640.7725,49.05077,40.1469,1.423858,79.6253,99.48701,3.59488,361.8050712,361.5973,12.25978,578.3054775,577.9568,12.74391,88.10842,88.73683,464.1017,5.744108
1.669999,1.669999,0.5286282,0.08208772,0.6041553,0.01822609,640.6896,49.0202,40.64843,1.241663,79.60883,99.50687,3.601456,361.6687468,361.4531,12.48755,581.9221337,581.5713,12.86878,88.09243,88.73239,469.9174,5.872171
1.679999,1.679999,0.5319453,0.06586472,0.6041613,0.01523388,640.6068,48.98964,41.15295,1.050602,79.59235,99.52718,3.608114,361.5305256,361.3065,12.72533,585.5373735,585.1843,12.99603,88.07604,88.72776,475.7693,6.001495
1.689999,1.689999,0.5352614,0.04964468,0.6041701,0.01221502,640.5239,48.95909,41.66048,0.8527148,79.57588,99.54773,3.614815,361.3902375,361.1574,12.97059,589.1512995,588.7959,13.12574,88.05941,88.72294,481.6573,6.132104
1.699999,1.699999,0.5385765,0.03359127,0.604182,0.00920075,640.4411,48.92854,42.17105,0.6500988,79.5594,99.56829,3.621518,361.2480057,361.006,13.2208,592.7637134,592.4059,13.25795,88.0427,88.71794,487.5813,6.264023
1.709999,1.709999,0.5418904,0.01785882,0.6041967,0.006221408,640.3583,48.89799,42.6846,0.4448942,79.54293,99.58867,3.628188,361.1037431,360.8523,13.47334,596.3747159,596.0144,13.39268,88.02608,88.71276,493.5415,6.397276
1.719999,1.719999,0.5452033,0.002601533,0.6042297,0.003305457,640.2755,48.86745,43.20226,0.2392088,79.52646,99.60867,3.634789,360.95666,360.6956,13.72569,599.9842074,599.6213,13.52994,88.00969,88.70739,499.5377,6.531889
1.729999,1.729999,0.548515,-0.01203174,0.6043795,0.000481203,640.1927,48.83691,43.73117,0.03523849,79.50998,99.62808,3.641285,360.8020549,360.5313,13.97514,603.5921868,603.2266,13.66969,87.99371,88.70184,505.5699,6.667887
1.739999,1.739999,0.5518255,-0.02589925,0.6045306,-0.002226336,640.11,48.80637,44.2632,-0.1649642,79.49351,99.61607,3.642093,360.6453247,360.3649,14.21932,607.1986525,606.8303,13.81188,87.97826,88.69614,511.6382,6.805295
1.749999,1.749999,0.5551348,-0.0388746,0.6046832,-0.004795033,640.0273,48.77584,44.79834,-0.3594737,79.47704,99.59844,3.641884,360.4862638,360.1963,14.45586,610.8035022,610.4323,13.95644,87.9635,88.69027,517.7426,6.944137
1.759999,1.759999,0.558443,-0.05084167,0.6048368,-0.007201063,639.8861,48.74532,45.33654,-0.546154,79.46056,99.58196,3.641883,360.2863348,359.9871,14.68097,614.4063323,614.0322,14.10325,87.94955,88.68425,523.8829,7.084435
1.769999,1.769999,0.5617494,-0.0616985,0.6049911,-0.009422338,639.7059,48.71479,45.8777,-0.722914,79.44408,99.56677,3.642115,360.0584291,359.7503,14.89275,618.0068387,617.6297,14.25218,87.93653,88.6781,530.0591,7.226212
1.779999,1.779999,0.5650539,-0.07135993,0.6051458,-0.01143936,639.5257,48.68428,46.4218,-0.8877814,79.42761,99.55301,3.642606,359.8281494,359.5116,15.08995,621.6050163,621.2248,14.40308,87.92455,88.67184,536.2714,7.369488
1.789999,1.789999,0.5683566,-0.07974773,0.6053008,-0.01323574,639.3455,48.65378,46.96876,-1.038953,79.41114,99.54076,3.643371,359.5953879,359.271,15.27061,625.2008597,624.8175,14.55579,87.91369,88.66547,542.5195,7.514283
1.799999,1.799999,0.5716573,-0.08680634,0.6054556,-0.01479639,639.1653,48.62328,47.51857,-1.174668,79.39466,99.53014,3.644431,359.360138,359.0286,15.43286,628.7943626,628.4078,14.71012,87.90403,88.65903,548.8036,7.660612
1.809999,1.809999,0.5749562,-0.09249456,0.6056101,-0.01611049,638.9852,48.5928,48.07121,-1.293443,79.37819,99.52122,3.645797,359.1225067,358.7846,15.57516,632.3854181,631.9956,14.86587,87.89564,88.65253,555.1235,7.808492
1.819999,1.819999,0.578253,-0.09679217,0.6057638,-0.01716996,638.8051,48.56232,48.62663,-1.393976,79.36172,99.51402,3.647476,358.8825096,358.5391,15.69616,635.9741191,635.581,15.02283,87.88854,88.64599,561.4794,7.957936
1.829999,1.829999,0.5815479,-0.09968579,0.605908,-0.01797067,638.6251,48.53185,49.18408,-1.475253,79.34524,99.50859,3.649475,358.6403808,358.2924,15.7949,639.5603579,639.1639,15.18078,87.8828,88.63942,567.871,8.108953
1.839999,1.839999,0.5848407,-0.1011837,0.6060412,-0.01850988,638.445,48.50139,49.74343,-1.536352,79.32877,99.50493,3.651794,358.3963606,358.0448,15.87049,643.1441267,642.7443,15.33949,87.8784,88.63286,574.2985,8.261555
1.849999,1.849999,0.5881315,-0.1013153,0.6061733,-0.01878894,638.265,48.47094,50.30546,-1.576681,79.31229,99.50304,3.654433,358.1498091,357.7957,15.9224,646.7255166,646.3223,15.49871,87.87534,88.62632,580.7617,8.415746
1.859999,1.859999,0.5914204,-0.1001148,0.6063046,-0.01881326,638.0849,48.44049,50.8702,-1.595989,79.29582,99.50288,3.657386,357.9007078,357.5451,15.95049,650.3044196,649.8978,15.65821,87.87362,88.61982,587.2606,8.57153
1.869999,1.869999,0.5947073,-0.0976431,0.6064349,-0.01858917,637.905,48.41006,51.43756,-1.594116,79.27934,99.50439,3.660641,357.6492474,357.2932,15.95473,653.8808277,653.4708,15.81776,87.87319,88.61339,593.7953,8.72891
1.879999,1.879999,0.597992,-0.09397525,0.6065641,-0.01812818,637.725,48.37964,52.00758,-1.57137,79.26287,99.50751,3.664189,357.3951469,357.0397,15.93561,657.4546322,657.0412,15.97712,87.874,88.60703,600.3658,8.887885
1.889999,1.889999,0.6012747,-0.08919164,0.6068365,-0.01744412,637.545,48.34922,52.59272,-1.528298,79.2464,99.51215,3.668009,357.1303386,356.7765,15.89364,661.0257253,660.6089,16.13606,87.87598,88.60077,606.9719,9.048451
1.899999,1.899999,0.604555,-0.08339238,0.6072514,-0.01655227,637.3651,48.31881,53.19327,-1.465622,79.22992,99.5182,3.672086,356.8545688,356.5033,15.82973,664.5940987,664.1739,16.29436,87.87905,88.59463,613.6136,9.210604
1.909999,1.909999,0.6078332,-0.0766822,0.6076653,-0.01547173,637.1852,48.28841,53.79695,-1.384458,79.21345,99.52554,3.676396,356.5761064,356.2283,15.74541,668.1596453,667.7361,16.45181,87.88313,88.58862,620.291,9.374334
1.919999,1.919999,0.611109,-0.06917819,0.6080788,-0.01422231,637.0052,48.25803,54.40376,-1.286052,79.19698,99.53403,3.680914,356.2947273,355.9512,15.64212,671.7224582,671.2956,16.60823,87.88811,88.58276,627.0039,9.539635
1.929999,1.929999,0.6143826,-0.06100918,0.608492,-0.01282606,636.6911,48.22765,55.01375,-1.171925,79.1805,99.54353,3.685615,355.9211633,355.5827,15.51831,675.2815305,674.8514,16.76341,87.89388,88.57706,633.7524,9.706492
1.939999,1.939999,0.617653,-0.05230172,0.6089048,-0.01130723,636.3433,48.19728,55.62671,-1.043881,79.16402,99.55388,3.690471,355.5223625,355.1896,15.3785,678.8366568,678.4033,16.9172,87.90031,88.57153,640.5365,9.874895
1.949998,1.949998,0.6209199,-0.04319481,0.6093174,-0.00968956,635.9957,48.16692,56.24264,-0.9037703,79.14755,99.56492,3.695451,355.1210439,354.7945,15.22559,682.387832,681.9513,17.06946,87.90728,88.56617,647.356,10.04483
1.959998,1.959998,0.6241835,-0.0338317,0.6097301,-0.007999071,635.6479,48.13659,56.86151,-0.7537434,79.13108,99.57648,3.700525,354.7168242,354.3969,15.06196,685.934852,685.4952,17.22008,87.91466,88.561,654.211,10.21628
1.969998,1.969998,0.6274436,-0.02434709,0.6101429,-0.006262489,635.3003,48.10627,57.48336,-0.5961183,79.1146,99.58836,3.705658,354.3101232,353.9971,14.89015,689.4779137,689.0352,17.36898,87.92231,88.55602,661.1014,10.38922
1.979998,1.979998,0.6307002,-0.0148791,0.6105558,-0.00450488,634.9526,48.07597,58.10812,-0.4331533,79.09813,99.60042,3.710821,353.9008528,353.5949,14.71259,693.0169152,692.5712,17.51611,87.93009,88.55122,668.0271,10.56365
1.989998,1.989998,0.6339534,-0.005564582,0.610969,-0.002751858,634.605,48.04568,58.73586,-0.2672571,79.08166,99.61246,3.715982,353.4889293,353.1901,14.53191,696.551755,696.1031,17.66143,87.93788,88.54662,674.9882,10.73953
1.999998,1.999998,0.637203,0.003468374,0.6113824,-0.001028721,634.2574,48.01541,59.3665,-0.1009062,79.06519,99.62431,3.721108,353.0745648,352.7828,14.35076,700.0824328,699.6309,17.80494,87.94553,88.54219,681.9845,10.91687
2.009999,2.009999,0.6404492,0.01210099,0.6117958,0.000641116,633.9098,47.98516,60.00002,0.06351054,79.04871,99.62698,3.724573,352.6576626,352.3728,14.17169,703.6090494,703.1547,17.94666,87.95294,88.53796,689.0161,11.09562
2.019999,2.019999,0.6436918,0.02020951,0.6122094,0.002237534,633.5623,47.95493,60.63647,0.2238416,79.03223,99.61599,3.725567,352.2383126,351.9601,13.99703,707.1314061,706.6743,18.08663,87.95996,88.53389,696.0828,11.27579
2.029999,2.029999,0.6469307,0.02769877,0.6126231,0.003737945,633.2147,47.92471,61.27576,0.3776062,79.01576,99.60567,3.726681,351.8166119,351.5447,13.8294,710.6496053,710.1898,18.22492,87.9665,88.53,703.1847,11.45735
2.039999,2.039999,0.650166,0.03447664,0.6130365,0.005124543,632.8672,47.8945,61.91787,0.5227201,78.99928,99.59615,3.72794,351.3924362,351.1264,13.67097,714.1635505,713.7011,18.36163,87.97245,88.52626,710.3217,11.64028
2.049999,2.049999,0.6533979,0.0404583,0.6134498,0.006380051,632.5197,47.86432,62.56284,0.6570821,78.98281,99.58755,3.729364,350.9659575,350.7053,13.5239,717.6732457,717.2082,18.49687,87.97771,88.52267,717.4938,11.82457
2.059999,2.059999,0.656626,0.04558743,0.6138626,0.007488542,632.1722,47.83415,63.21056,0.77866,78.96634,99.57995,3.73097,350.5370421,350.2812,13.39025,721.1785956,720.711,18.63077,87.98223,88.5192,724.7009,12.01021
2.069999,2.069999,0.6598504,0.0498093,0.614275,0.008439368,631.8247,47.804,63.86103,0.8859096,78.94986,99.57344,3.732774,350.1058356,349.8542,13.27158,724.6796054,724.2095,18.76348,87.98592,88.51586,731.9429,12.19718
2.079998,2.079998,0.6630711,0.05309069,0.614687,0.00922219,631.4773,47.77386,64.51427,0.9772748,78.93339,99.56808,3.734787,349.6722837,349.4242,13.16945,728.1762814,727.7037,18.89517,87.98875,88.51262,739.22,12.38548
2.089998,2.089998,0.666288,0.05541273,0.6150981,0.00983069,631.1124,47.74375,65.17014,1.051584,78.91692,99.56392,3.737014,349.2246095,348.9794,13.08458,731.66853,731.1935,19.02602,87.99068,88.50947,746.5319,12.57508
2.099998,2.099998,0.6695012,0.05677018,0.6155083,0.01026125,630.59,47.71365,65.8287,1.107926,78.90044,99.56097,3.739463,348.6685783,348.4256,13.01456,735.1551571,734.6777,19.15617,87.99168,88.50639,753.8787,12.76599
2.109998,2.109998,0.6727095,0.05717128,0.6159177,0.0105128,630.0677,47.68357,66.48969,1.145654,78.88396,99.55926,3.742134,348.1101697,347.8687,12.96371,738.6362694,738.1564,19.28581,87.99175,88.50337,761.2603,12.9582
2.119998,2.119998,0.675913,0.05665163,0.616326,0.01058684,629.5455,47.65351,67.15309,1.164392,78.86749,99.55875,3.745023,347.5492897,347.3086,12.93233,742.1117738,741.6295,19.41513,87.99092,88.5004,768.6766,13.15171
2.129998,2.129998,0.6791117,0.05524763,0.6167335,0.01048999,629.0233,47.62348,67.81887,1.16434,78.85102,99.5594,3.748124,346.9862269,346.7456,12.92016,745.5816775,745.097,19.54433,87.9892,88.49744,776.1276,13.34651
2.139998,2.139998,0.6823054,0.05301466,0.6171401,0.01022903,628.501,47.59348,68.48702,1.145738,78.83454,99.56119,3.751429,346.4206713,346.1794,12.92689,749.0458874,748.5588,19.6736,87.98663,88.4945,783.6132,13.5426
2.149998,2.149998,0.6854942,0.05002104,0.6175455,0.009814315,627.9788,47.5635,69.15752,1.109256,78.81807,99.56402,3.754923,345.8527992,345.6102,12.95177,752.5044102,752.0149,19.80312,87.98328,88.49155,791.1334,13.73998
2.159998,2.159998,0.6886781,0.0463407,0.6179502,0.009258625,627.4566,47.53355,69.83035,1.055878,78.8016,99.56781,3.758591,345.2826791,345.0381,12.99377,755.9572518,755.4653,19.93306,87.97918,88.48859,798.688,13.93866
2.169998,2.169998,0.691857,0.04206709,0.6183542,0.008575784,626.9344,47.50362,70.50551,0.9867592,78.78513,99.57248,3.762418,344.7101734,344.463,13.05164,759.4043182,758.9099,20.06358,87.97444,88.4856,806.2771,14.13864
2.179998,2.179998,0.6950309,0.03729203,0.6187573,0.007783243,626.4123,47.47371,71.18295,0.9035318,78.76865,99.5779,3.766381,344.1353291,343.885,13.1237,762.8457143,762.3488,20.19482,87.96913,88.48257,813.9006,14.33994
2.189998,2.189998,0.6981998,0.03211926,0.6191601,0.006898137,625.8901,47.44383,71.8627,0.8078589,78.75217,99.58397,3.770461,343.5581913,343.3042,13.20822,766.2813446,765.7819,20.3269,87.96336,88.4795,821.5584,14.54255
2.199998,2.199998,0.7013639,0.026652,0.6195619,0.005939804,625.368,47.41398,72.54475,0.7017337,78.7357,99.59054,3.774631,342.9786936,342.7206,13.30318,769.7111131,769.2091,20.45993,87.9572,88.47637,829.2505,14.74648
2.209998,2.209998,0.7045227,0.02099828,0.6199635,0.004927445,624.8459,47.38415,73.22907,0.5872112,78.71922,99.59749,3.778871,342.3967644,342.1342,13.40647,773.1350232,772.6304,20.594,87.95078,88.47318,836.9768,14.95175
2.219998,2.219998,0.7076764,0.01526305,0.6203645,0.003881125,624.3239,47.35435,73.91563,0.4665289,78.70275,99.60468,3.783154,341.812524,341.5452,13.51584,776.5530766,776.0458,20.72916,87.94418,88.46992,844.7372,15.15836
2.229998,2.229998,0.7108251,0.009557233,0.6207653,0.002820302,623.8018,47.32457,74.60442,0.341933,78.68628,99.61197,3.787455,341.2259896,340.9537,13.62903,779.9652749,779.4553,20.86545,87.93752,88.4666,852.5318,15.36634
2.239998,2.239998,0.7139686,0.003977155,0.6211654,0.0017655,623.2798,47.29482,75.29543,0.2158809,78.6698,99.61922,3.79175,340.6369658,340.3596,13.74355,783.3716189,782.8589,21.00289,87.93089,88.46321,860.3604,15.57568
2.249998,2.249998,0.7171072,-0.00137046,0.6215652,0.000734499,622.7578,47.26509,75.98864,0.09057648,78.65333,99.62633,3.796018,340.0456659,339.7632,13.85723,786.772008,786.2565,21.14146,87.92441,88.45976,868.223,15.7864
2.259998,2.259998,0.7202404,-0.006399913,0.6219645,-0.000253059,622.1293,47.23539,76.68404,-0.03147024,78.63686,99.62965,3.7996,339.3793397,339.0919,13.96494,790.1657409,789.6474,21.28111,87.91816,88.45625,876.1194,15.99851
2.269998,2.269998,0.7233679,-0.01103402,0.6223634,-0.001181963,621.3945,47.20571,77.3814,-0.1482214,78.62038,99.62325,3.801423,338.6380974,338.3459,14.0646,793.5521153,793.0309,21.42176,87.91222,88.45267,884.0497,16.21203
2.279998,2.279998,0.7264889,-0.01519073,0.6227615,-0.002038122,620.6597,47.17607,78.08064,-0.2577165,78.6039,99.61735,3.803338,337.8943994,337.5977,14.15691,796.9310283,796.4069,21.56333,87.90669,88.44905,892.0138,16.42695
2.289998,2.289998,0.7296033,-0.01881546,0.623159,-0.002806297,619.9248,47.14647,78.78165,-0.3577888,78.58743,99.61206,3.805362,337.148148,336.8473,14.23974,800.3024769,799.7754,21.70573,87.90163,88.44539,900.0115,16.6433
2.299998,2.299998,0.7327112,-0.02185585,0.6235557,-0.00347631,619.1899,47.11689,79.4844,-0.4468569,78.57096,99.60744,3.807509,336.3993692,336.0948,14.31157,803.666457,803.1364,21.84885,87.89708,88.44169,908.0429,16.86107
2.309998,2.309998,0.7358125,-0.02428037,0.6239515,-0.004038406,618.4551,47.08736,80.18887,-0.5233513,78.55448,99.60358,3.809792,335.6481875,335.3404,14.37087,807.0228641,806.4898,21.99256,87.8931,88.43796,916.1078,17.08028
2.319998,2.319998,0.7389072,-0.02605761,0.6243464,-0.004486676,617.7203,47.05785,80.89502,-0.586162,78.53801,99.6005,3.812216,334.8943483,334.5839,14.4166,810.3716937,809.8356,22.13673,87.88974,88.43422,924.2061,17.30093
2.329998,2.329998,0.7419951,-0.0271854,0.6247404,-0.004815261,616.9856,47.02839,81.60281,-0.6341607,78.52154,99.59824,3.814789,334.1380948,333.8256,14.44767,813.7129401,813.1738,22.28121,87.88699,88.43047,932.3378,17.52302
2.339998,2.339998,0.7450764,-0.02766067,0.6251335,-0.005023718,616.2509,46.99896,82.3122,-0.6669112,78.50507,99.59681,3.817511,333.3793024,333.0654,14.4637,817.046698,816.5045,22.42585,87.88489,88.42673,940.5029,17.74655
2.349998,2.349998,0.7481511,-0.02750825,0.6255257,-0.005111456,615.5161,46.96957,83.02325,-0.6839558,78.48859,99.59621,3.820383,332.617946,332.3033,14.46426,820.3728616,819.8276,22.57049,87.88339,88.423,948.7012,17.97153
2.359998,2.359998,0.7512192,-0.02674438,0.6259168,-0.005083071,614.7814,46.94021,83.73586,-0.6855313,78.47211,99.5964,3.8234,331.8541321,331.5394,14.44961,823.691226,823.1429,22.71499,87.88252,88.4193,956.9326,18.19796
2.369998,2.369998,0.7542804,-0.02542165,0.6263071,-0.004941582,614.0467,46.91088,84.44994,-0.6716799,78.45564,99.59737,3.826557,331.0878621,330.7737,14.41984,827.0019851,826.4506,22.85919,87.88222,88.41563,965.1971,18.42583
2.379998,2.379998,0.7573349,-0.02358313,0.6266963,-0.004696749,613.312,46.8816,85.16557,-0.6433785,78.43916,99.59905,3.829844,330.3191768,330.0062,14.3759,830.3051339,829.7507,23.00295,87.88246,88.41201,973.4946,18.65514
2.389998,2.389998,0.7603826,-0.02128549,0.6270844,-0.004356585,612.5775,46.85234,85.88264,-0.6014036,78.42269,99.60139,3.833248,329.5482114,329.237,14.31857,833.6004677,833.043,23.14614,87.88319,88.40845,981.8251,18.88589
2.399998,2.399998,0.7634236,-0.01859838,0.627472,-0.003931617,611.8428,46.82312,86.60124,-0.5469151,78.40622,99.60431,3.836759,328.774619,328.4657,14.249,836.8881816,836.3277,23.28863,87.88435,88.40494,990.1884,19.11806
2.409998,2.409998,0.7664577,-0.01559632,0.6278584,-0.003434777,611.1082,46.79394,87.32125,-0.4814534,78.38975,99.60773,3.840359,327.9988671,327.6927,14.16867,840.1680721,839.6046,23.43032,87.88587,88.4015,998.5844,19.35166
2.419998,2.419998,0.7694851,-0.01235402,0.6282441,-0.002879889,610.3736,46.76479,88.04269,-0.40674,78.37327,99.61154,3.844031,327.2207335,326.9177,14.07927,843.4402352,842.8738,23.57111,87.88769,88.39813,1007.013,19.58666
2.429998,2.429998,0.7725056,-0.00895019,0.628629,-0.002280803,609.5739,46.73568,88.76553,-0.324558,78.3568,99.61567,3.84776,326.3954663,326.0959,13.98086,846.7041685,846.1348,23.71092,87.88972,88.39484,1015.474,19.82307
2.439998,2.439998,0.7755189,-0.00546993,0.6290131,-0.001652094,608.7462,46.7066,89.48963,-0.2368541,78.34032,99.62,3.851525,325.5487664,325.2529,13.87625,849.9595694,849.3873,23.84968,87.8919,88.39163,1023.968,20.06087
2.449998,2.449998,0.7785246,-0.001989864,0.6293963,-0.001009499,607.9185,46.67757,90.21492,-0.1458048,78.32384,99.62443,3.855309,324.6998398,324.4078,13.76827,853.2065368,852.6314,23.98736,87.89413,88.3885,1032.495,20.30006
2.459998,2.459998,0.7815228,0.001415,0.6297784,-0.000367172,607.0909,46.64857,90.94134,-0.05342363,78.30737,99.62886,3.859093,323.8488694,323.5607,13.65883,856.4449703,855.867,24.12395,87.89635,88.38545,1041.053,20.54062
2.469998,2.469998,0.7845135,0.004670514,0.6301599,0.000261082,606.2632,46.61961,91.66891,0.03826637,78.2909,99.62959,3.862207,322.9957374,322.7114,13.54986,859.6748699,859.0941,24.25945,87.89848,88.38249,1049.644,20.78253
2.479998,2.479998,0.7874967,0.007710251,0.6305404,0.000861842,605.4356,46.5907,92.39759,0.1272401,78.27442,99.62544,3.864437,322.1405249,321.8599,13.44331,862.8962362,862.3127,24.39388,87.90046,88.37959,1058.268,21.0258
2.489998,2.489998,0.7904724,0.01047653,0.6309201,0.001422887,604.608,46.56182,93.12739,0.2115932,78.25795,99.62157,3.866719,321.2832048,321.0061,13.34097,866.109071,865.5228,24.52729,87.90221,88.37678,1066.923,21.27041
2.499998,2.499998,0.7934405,0.01291251,0.6312988,0.001933542,603.7804,46.53298,93.85818,0.2895998,78.24148,99.61806,3.869064,320.4239431,320.1501,13.2445,869.3132762,868.7243,24.65973,87.90369,88.37403,1075.61,21.51634
2.509998,2.509998,0.796401,0.01497657,0.6316767,0.002383281,602.9528,46.50418,94.59003,0.3595115,78.22501,99.61496,3.871485,319.5628031,319.2919,13.15552,872.5088551,871.9172,24.79129,87.90484,88.37135,1084.329,21.7636
2.519998,2.519998,0.7993538,0.01663965,0.6320534,0.002764383,602.1254,46.47543,95.32275,0.41996,78.20853,99.61233,3.873991,318.6998348,318.4315,13.07534,875.6958102,875.1015,24.92204,87.90562,88.36871,1093.08,22.01217
2.529998,2.529998,0.8022991,0.01787517,0.6324293,0.003071459,601.2979,46.44671,96.0565,0.4699009,78.19205,99.61021,3.87659,317.8347741,317.5686,13.00492,878.8741455,878.2772,25.05209,87.90601,88.36613,1101.863,22.26204
2.539998,2.539998,0.8052368,0.01867665,0.6328042,0.00329957,600.4703,46.41803,96.79116,0.5083358,78.17558,99.60864,3.879287,316.967956,316.7035,12.9452,882.0438648,881.4443,25.18154,87.90599,88.36359,1110.677,22.5132
2.549998,2.549998,0.8081667,0.01903761,0.633178,0.003447508,599.6428,46.38939,97.52669,0.5348232,78.1591,99.60763,3.882085,316.0991939,315.836,12.89657,885.204872,884.6027,25.3105,87.90555,88.36108,1119.523,22.76566
2.559998,2.559998,0.8110892,0.01897339,0.6335509,0.003514067,598.8154,46.36079,98.26307,0.5489167,78.14263,99.60716,3.884983,315.2286045,314.9662,12.85947,888.3571718,887.7524,25.43909,87.90469,88.3586,1128.401,23.01941
2.569998,2.569998,0.8140037,0.01849826,0.6339226,0.00350208,597.988,46.33223,99.00024,0.5508003,78.12616,99.60725,3.88798,314.3562793,314.0942,12.8337,891.5006685,890.8933,25.56743,87.90341,88.35614,1137.31,23.27444
2.579998,2.579998,0.8169105,0.01764604,0.6342933,0.003414194,597.1605,46.30371,99.73821,0.5406404,78.10969,99.60785,3.89107,313.4821129,313.2199,12.8191,894.6354657,894.0255,25.69562,87.90176,88.35369,1146.25,23.53076
2.589998,2.589998,0.8198097,0.01645135,0.634663,0.003256673,596.3331,46.27523,100.4769,0.5191907,78.09321,99.60893,3.894248,312.6061783,312.3434,12.81496,897.7614677,897.1489,25.82377,87.89975,88.35123,1155.222,23.78836
2.599998,2.599998,0.822701,0.01495426,0.6350318,0.00303593,595.5077,46.2468,101.2164,0.4872568,78.07674,99.61046,3.897506,311.7298485,311.4661,12.82057,900.878778,900.2636,25.95198,87.89742,88.34879,1164.224,24.04724
2.609998,2.609998,0.8255848,0.01320763,0.6353995,0.002759389,594.6824,46.2184,101.9566,0.4458341,78.06026,99.61236,3.900832,310.8518884,310.5868,12.83496,903.9872996,903.3695,26.08033,87.89482,88.34632,1173.258,24.3074
2.619998,2.619998,0.8284606,0.01126424,0.6357661,0.002436838,593.8572,46.19003,102.6974,0.3963345,78.04379,99.61458,3.904215,309.9722476,309.7055,12.85681,907.0870356,906.4666,26.2089,87.89199,88.34385,1182.323,24.56884
2.629998,2.629998,0.8313289,0.009182345,0.6361319,0.002078039,593.032,46.16171,103.4389,0.3402084,78.02731,99.61705,3.907645,309.0907739,308.8221,12.88476,910.1778883,909.5548,26.33775,87.88899,88.34137,1191.418,24.83158
2.639998,2.639998,0.8341891,0.007018746,0.6364967,0.001693763,592.2068,46.13343,104.181,0.2791139,78.01084,99.61971,3.911107,308.2075065,307.9367,12.91727,913.2599591,912.6342,26.46692,87.88588,88.33885,1200.545,25.0956
2.649998,2.649998,0.8370416,0.004830318,0.6368604,0.001294508,591.3817,46.10519,104.9237,0.2147099,77.99437,99.62246,3.914587,307.3226832,307.0496,12.95279,916.3331495,915.7047,26.59645,87.88271,88.33633,1209.702,25.36092
2.659998,2.659998,0.8398864,0.002678904,0.6372233,0.000890772,590.5566,46.07699,105.667,0.1487011,77.97789,99.62524,3.918073,306.4360408,306.1606,12.98977,919.3974601,918.7663,26.72635,87.87953,88.33377,1218.889,25.62753
2.669998,2.669998,0.8427231,0.000611976,0.6375852,0.000493963,589.7315,46.04883,106.4108,0.08298965,77.96142,99.62798,3.92155,305.5476042,305.2698,13.02642,922.4528908,921.819,26.85662,87.8764,88.3312,1228.108,25.89545
2.679998,2.679998,0.8455521,-0.001317903,0.6379461,0.000112829,588.9064,46.02071,107.1551,0.01907712,77.94495,99.63062,3.925008,304.6575143,304.3774,13.06137,925.4993405,924.8627,26.98723,87.87337,88.3286,1237.356,26.16467
2.689998,2.689998,0.8483731,-0.003064689,0.6383061,-0.000242978,588.0813,45.99262,107.8999,-0.04134329,77.92847,99.62971,3.927827,303.7657025,303.4834,13.09305,928.5369087,927.8975,27.11816,87.8705,88.32598,1246.635,26.43519
2.699998,2.699998,0.8511863,-0.004597404,0.6386651,-0.000565049,587.2562,45.96458,108.6451,-0.09675021,77.91199,99.62749,3.930406,302.8721061,302.5878,13.12006,931.5655933,930.9234,27.24936,87.86781,88.32336,1255.944,26.70703
2.709998,2.709998,0.8539916,-0.005878828,0.6390231,-0.000847668,586.4312,45.93658,109.3908,-0.1460497,77.89552,99.62554,3.933035,301.9768781,301.6908,13.14139,934.5852923,933.9403,27.38077,87.86534,88.32071,1265.284,26.98018
2.719998,2.719998,0.8567889,-0.006885563,0.63938,-0.001083957,585.6062,45.90862,110.1368,-0.1879227,77.87904,99.62391,3.935722,301.079962,300.7924,13.15582,937.5960035,936.9482,27.51233,87.86313,88.31806,1274.653,27.25465
2.729998,2.729998,0.8595783,-0.007608906,0.6397359,-0.001269592,584.7812,45.88069,110.8832,-0.2214652,77.86257,99.62263,3.938471,300.1812186,299.8925,13.16254,940.5977241,939.9471,27.64396,87.86118,88.31541,1284.053,27.53043
2.739998,2.739998,0.8623597,-0.00804111,0.6400909,-0.001402961,583.9562,45.85281,111.6299,-0.2462315,77.8461,99.6217,3.941286,299.2808265,298.9913,13.16114,943.5904504,942.937,27.77557,87.85952,88.31276,1293.482,27.80753
2.749998,2.749998,0.8651332,-0.008179896,0.6404449,-0.001482629,583.1312,45.82496,112.3769,-0.2618002,77.82963,99.62115,3.944168,298.3787648,298.0888,13.15122,946.5741797,945.9179,27.90708,87.85814,88.31011,1302.941,28.08594
2.759998,2.759998,0.8678987,-0.00803711,0.6407977,-0.001508176,582.29,45.79716,113.1241,-0.267924,77.81315,99.62098,3.947118,297.463713,297.1737,13.13212,949.5487088,948.8896,28.0384,87.85704,88.30748,1312.43,28.36567
2.769998,2.769998,0.870656,-0.007624906,0.6411496,-0.001481792,581.4112,45.76939,113.8716,-0.2648203,77.79668,99.62116,3.950133,296.5203696,296.2307,13.10351,952.5138344,951.8519,28.16944,87.85621,88.30486,1321.949,28.64671
2.779998,2.779998,0.8734051,-0.006975978,0.6415005,-0.001405724,580.5323,45.74167,114.6192,-0.2527268,77.7802,99.62169,3.95321,295.5755595,295.2866,13.06657,955.4695529,954.8048,28.3001,87.85563,88.30227,1331.497,28.92905
2.789998,2.789998,0.8761457,-0.006114452,0.6418503,-0.001286011,579.6535,45.71399,115.3668,-0.2325765,77.76373,99.62251,3.956341,294.6291201,294.3412,13.02215,958.415762,957.7482,28.43032,87.85528,88.29971,1341.074,29.21271
2.799998,2.799998,0.8788779,-0.005071699,0.6421989,-0.001127112,578.7747,45.68635,116.1144,-0.2050413,77.74725,99.62361,3.959522,293.6810789,293.3945,12.97087,961.3525589,960.6822,28.56003,87.85512,88.29716,1350.681,29.49766
2.809998,2.809998,0.8816019,-0.003884944,0.6425465,-0.000934824,577.8958,45.65875,116.8621,-0.1710567,77.73078,99.62493,3.962742,292.731574,292.4466,12.91358,964.2797418,963.6066,28.68917,87.85513,88.29465,1360.317,29.7839
2.819998,2.819998,0.8843172,-0.002598812,0.642893,-0.000716021,577.0171,45.6312,117.6098,-0.1317816,77.71431,99.62645,3.965999,291.7805531,291.4974,12.85134,967.197508,966.5216,28.81768,87.85526,88.29218,1369.982,30.07144
2.829998,2.829998,0.8870242,-0.001255165,0.6432383,-0.000478937,576.1383,45.60369,118.3573,-0.0886563,77.69783,99.62808,3.969276,290.8281743,290.547,12.78545,970.105757,969.4271,28.94554,87.85547,88.28975,1379.677,30.36025
2.839998,2.839998,0.8897229,0.00010999,0.6435827,-0.000231295,575.2595,45.57622,119.1049,-0.04306087,77.68136,99.62979,3.972567,289.8742935,289.5952,12.71716,973.0044872,972.3231,29.07271,87.85573,88.28735,1389.4,30.65034
2.849998,2.849998,0.892413,0.001449264,0.6439262,2.02667E-05,574.3807,45.54879,119.8524,0.003794629,77.66489,99.63126,3.975814,288.9190595,288.6421,12.64757,975.8935987,975.2095,29.19919,87.85599,88.285,1399.152,30.9417
2.859998,2.859998,0.8950946,0.002727673,0.6442683,0.000267047,573.502,45.5214,120.5996,0.05028357,77.64841,99.62955,3.978486,287.9625377,287.6877,12.57817,978.7731909,978.0864,29.32497,87.85621,88.28268,1408.933,31.23433
2.869998,2.869998,0.8977677,0.003913113,0.6446095,0.000502622,572.6234,45.49406,121.3467,0.09517358,77.63194,99.62792,3.981174,287.0046756,286.7319,12.51005,981.6431647,980.9537,29.45007,87.85637,88.2804,1418.742,31.5282
2.879998,2.879998,0.9004323,0.004972345,0.6449027,0.000720924,571.7446,45.46676,122.0847,0.1372725,77.61546,99.62847,3.984255,286.0519231,285.7811,12.4445,984.5036209,983.8115,29.57451,87.85642,88.27814,1428.58,31.82332
2.889998,2.889998,0.9030885,0.005874084,0.6453128,0.000914881,570.866,45.4395,122.8449,0.1751713,77.59898,99.63977,3.989282,285.0820239,284.813,12.38206,987.3544607,986.6597,29.69833,87.85634,88.27592,1438.447,32.11969
2.899998,2.899998,0.9057361,0.006608324,0.6463375,0.001079327,569.9873,45.41228,123.7228,0.2077966,77.58251,99.65123,3.994338,284.0273977,283.76,12.32173,990.1946859,989.4973,29.82155,87.85611,88.27374,1448.342,32.41729
2.909998,2.909998,0.9083742,0.007157461,0.6479699,0.001212514,569.1086,45.38511,124.7188,0.2347155,77.56604,99.66286,3.999424,282.8875586,282.6216,12.26385,993.0234975,992.3235,29.94419,87.85571,88.27158,1458.265,32.71611
2.919998,2.919998,0.9110023,0.007511547,0.650203,0.001311325,568.23,45.35797,125.8332,0.2552212,77.54957,99.67467,4.004543,281.6621343,281.3974,12.20906,995.8400974,995.1375,30.06628,87.85512,88.26944,1468.217,33.01617
2.929998,2.929998,0.9136193,0.007674779,0.6530287,0.001374071,567.4019,45.33088,127.0661,0.268874,77.53309,99.68668,4.009698,280.3867665,280.123,12.1591,998.6438878,997.9387,30.18787,87.85435,88.26732,1478.196,33.31744
2.939998,2.939998,0.916225,0.007643622,0.6564389,0.001401679,566.6243,45.30383,128.4176,0.275742,77.51662,99.69888,4.014888,279.0613524,278.7983,12.11389,1001.434771,1000.727,30.30901,87.85339,88.26521,1488.203,33.61992
2.949998,2.949998,0.918819,0.007429591,0.6604254,0.001393665,565.8467,45.27682,129.8878,0.2756183,77.50014,99.71127,4.020113,277.6498773,277.3873,12.07229,1004.211348,1003.501,30.42973,87.85223,88.26312,1498.238,33.92361
2.959998,2.959998,0.9214002,0.007056916,0.6649779,0.001352306,565.0692,45.24984,131.4761,0.2688437,77.48367,99.72383,4.025369,276.1526291,275.8903,12.03399,1006.972922,1006.26,30.55007,87.85092,88.26104,1508.301,34.22851
2.969998,2.969998,0.923968,0.006535856,0.6700866,0.001282188,564.2916,45.22291,133.1819,0.2562308,77.46719,99.73653,4.03065,274.5695792,274.3073,11.99829,1009.718494,1009.003,30.67005,87.84946,88.25896,1518.391,34.53461
2.979998,2.979998,0.9265212,0.005897382,0.6757656,0.001185335,563.5142,45.19601,135.0097,0.2380971,77.45072,99.74937,4.035954,272.8979155,272.6355,11.9648,1012.447066,1011.729,30.7897,87.84785,88.25687,1528.508,34.84191
2.989998,2.989998,0.9290593,0.005156415,0.6815436,0.001067568,562.7366,45.16915,136.866,0.2155363,77.43425,99.76228,4.041274,271.2035229,270.9408,11.93456,1015.158639,1014.438,30.90904,87.84615,88.25478,1538.653,35.1504
2.999998,2.999998,0.9315819,0.0043496,0.6872863,0.000931715,561.9592,45.14233,138.724,0.1890598,77.41777,99.77526,4.046604,269.5058901,269.2427,11.9077,1017.853214,1017.13,31.02812,87.84435,88.2527,1548.824,35.46009
3.009998,3.009998,0.9340893,0.00350495,0.6929943,0.000784486,561.1817,45.11554,140.5835,0.1599823,77.4013,99.78825,4.051938,267.8048675,267.5411,11.88305,1020.530793,1019.805,31.14695,87.8425,88.25061,1559.022,35.77096
3.019998,3.019998,0.9365814,0.00265075,0.6986675,0.000630988,560.4042,45.08879,142.4444,0.1293176,77.38483,99.80122,4.057267,266.1007157,265.8363,11.8597,1023.191375,1022.463,31.26555,87.84061,88.24852,1569.247,36.08302
3.029998,3.029998,0.9390581,0.001807424,0.7043057,0.000476338,559.6268,45.06208,144.3062,0.09810252,77.36835,99.81414,4.062586,264.3935943,264.1285,11.83673,1025.83496,1025.104,31.38392,87.83873,88.24642,1579.498,36.39627
3.039998,3.039998,0.9415194,0.00100891,0.7099088,0.000324203,558.8494,45.03541,146.169,0.06709505,77.35188,99.82697,4.067891,262.6834737,262.4177,11.81347,1028.46155,1027.728,31.50206,87.83688,88.24431,1589.775,36.7107
3.049998,3.049998,0.9439656,0.000274816,0.7154776,0.000180644,558.072,45.00877,148.0324,0.03756521,77.3354,99.83968,4.073173,260.9707012,260.7043,11.78876,1031.071142,1030.335,31.61995,87.83507,88.2422,1600.078,37.02631
3.059998,3.059998,0.9463963,-0.00036918,0.7210111,4.9117E-05,557.2946,44.98217,149.8962,0.01026271,77.31893,99.85223,4.078425,259.2553472,258.9884,11.76196,1033.663737,1032.925,31.73757,87.83333,88.24009,1610.408,37.3431
3.069998,3.069998,0.9488117,-0.000910651,0.7265097,-6.59E-05,556.5172,44.95561,151.7602,-0.01382752,77.30245,99.86362,4.083468,257.5375693,257.2702,11.73217,1036.239333,1035.498,31.85489,87.83168,88.23797,1620.763,37.66106
3.079998,3.079998,0.9512118,-0.001337772,0.7319735,-0.000162192,555.7398,44.92909,153.6242,-0.03420867,77.28598,99.87435,4.088393,255.8175455,255.5499,11.69894,1038.797929,1038.054,31.97188,87.83014,88.23586,1631.143,37.98019
3.089998,3.089998,0.9535966,-0.001637381,0.7374026,-0.000237855,554.9625,44.9026,155.4879,-0.05039938,77.26951,99.88515,4.09333,254.0953542,253.8276,11.66184,1041.338525,1040.592,32.0885,87.82871,88.23374,1641.549,38.3005
3.099998,3.099998,0.9559649,-0.001806438,0.742794,-0.000290625,554.3329,44.87615,157.3503,-0.06186356,77.25303,99.89605,4.098284,252.4777445,252.21,11.62443,1043.863118,1043.114,32.20475,87.82741,88.23164,1651.98,38.62196
3.109998,3.109998,0.9583191,-0.001847179,0.7481533,-0.00032008,553.7667,44.84974,159.2129,-0.0684434,77.23656,99.90704,4.103255,250.9032652,250.6357,11.58423,1046.371708,1045.62,32.32059,87.82623,88.22952,1662.436,38.94459
3.119998,3.119998,0.9606587,-0.00177032,0.7534794,-0.000326738,553.2006,44.82335,161.0753,-0.07018182,77.22009,99.91814,4.108246,249.3268851,249.0597,11.53956,1048.865292,1048.111,32.43599,87.82516,88.22742,1672.917,39.26837
3.129997,3.129997,0.9629848,-0.001576547,0.7587748,-0.000312606,552.6344,44.79699,162.938,-0.06744608,77.20361,99.92933,4.113252,247.7482178,247.4816,11.49074,1051.342869,1050.586,32.5509,87.82421,88.22534,1683.423,39.59331
3.139997,3.139997,0.9652966,-0.001281252,0.7640375,-0.000277913,552.0683,44.77066,164.8003,-0.06022599,77.18713,99.94061,4.118275,246.1677619,245.9019,11.43777,1053.804438,1053.045,32.66528,87.82336,88.22327,1693.954,39.91939
3.149997,3.149997,0.9675938,-0.000900354,0.7692671,-0.000225473,551.5023,44.74435,166.6616,-0.04907574,77.17066,99.95195,4.12331,244.5859382,244.321,11.38113,1056.249998,1055.488,32.77909,87.82261,88.2212,1704.509,40.24661
3.159997,3.159997,0.9698768,-0.000449297,0.7744644,-0.000158173,550.9361,44.71808,168.5222,-0.0345768,77.15419,99.96333,4.128352,243.0025704,242.7387,11.32134,1058.679547,1057.915,32.8923,87.82192,88.21915,1715.088,40.57497
3.169997,3.169997,0.9721451,5.55151E-05,0.7796282,-7.88E-05,550.3701,44.69183,170.3814,-0.01729934,77.13771,99.97475,4.133399,241.4181817,241.1555,11.25892,1061.094083,1060.327,33.00489,87.8213,88.21712,1725.691,40.90445
3.179997,3.179997,0.9744,0.000587016,0.7847614,9.71984E-06,549.804,44.66561,172.24,0.002142971,77.12124,99.98602,4.138422,239.8320973,239.5707,11.1944,1063.492607,1062.723,33.11683,87.82072,88.21511,1736.318,41.23506
3.189997,3.189997,0.9766403,0.00113185,0.7898614,0.000102609,549.2379,44.63941,174.097,0.02271795,77.10477,99.99599,4.143209,238.245159,237.9851,11.1287,1065.875118,1065.103,33.22812,87.82014,88.21312,1746.969,41.56679
3.199997,3.199997,0.9788664,0.001668603,0.7949291,0.000197522,548.6719,44.61324,175.9523,0.04391446,77.08829,100.0059,4.147979,236.65749,236.3988,11.06232,1068.241616,1067.467,33.33874,87.81958,88.21114,1757.644,41.89962
3.209997,3.209997,0.981078,0.00218417,0.7999638,0.000290719,548.1058,44.5871,177.8056,0.06490187,77.07182,100.0157,4.152739,235.0691243,234.8118,10.99599,1070.5921,1069.815,33.4487,87.819,88.20918,1768.342,42.23356
3.219997,3.219997,0.983275,0.002657866,0.8049653,0.00037993,547.5399,44.56099,179.6567,0.08516511,77.05534,100.0255,4.157491,233.4805831,233.2246,10.93017,1072.926571,1072.147,33.558,87.81838,88.20724,1779.063,42.5686
3.229997,3.229997,0.9854577,0.003070157,0.8099343,0.000461584,546.9738,44.5349,181.5054,0.1038879,77.03887,100.0352,4.162241,231.8915008,231.6368,10.86559,1075.24503,1074.463,33.66665,87.81772,88.20531,1789.808,42.90472
3.239997,3.239997,0.9876259,0.003413945,0.8148701,0.000532329,546.4078,44.50885,183.3515,0.1202915,77.02239,100.045,4.166991,230.3024116,230.0489,10.80298,1077.548476,1076.764,33.77468,87.81699,88.2034,1800.576,43.24193
3.249997,3.249997,0.9897805,0.003685523,0.8197751,0.00059099,545.8418,44.48281,185.1955,0.1340782,77.00592,100.0548,4.171747,228.7129282,228.4605,10.7426,1079.835911,1079.049,33.88211,87.81618,88.20151,1811.366,43.58021
3.259997,3.259997,0.9919208,0.003872654,0.8246475,0.000636986,544.6282,44.45681,187.0367,0.1450806,76.98945,100.0647,4.176509,226.6547357,226.4036,10.66673,1082.102333,1081.313,33.98878,87.81531,88.19962,1822.179,43.91957
3.269997,3.269997,0.9940419,0.00397685,0.8294762,0.000668266,537.5674,44.43083,188.8705,0.1527834,76.97297,100.0745,4.181273,220.3653792,220.1183,10.43237,1084.305712,1083.514,34.09311,87.81434,88.19776,1833.014,44.25998
3.279997,3.279997,0.9961054,0.003991155,0.8341737,0.000685182,530.5067,44.40507,190.6618,0.1572269,76.9565,100.0842,4.186009,214.0984766,213.8553,10.20139,1086.447048,1085.653,34.19512,87.81329,88.19594,1843.871,44.60142
3.289997,3.289997,0.9981121,0.003926272,0.838742,0.000686606,523.446,44.37964,192.4107,0.1581134,76.94003,100.0937,4.190718,207.8532435,207.6138,9.97401,1088.525343,1087.729,34.29486,87.81216,88.19413,1854.748,44.94387
3.299997,3.299997,1.000061,0.003789283,0.8431786,0.000674447,516.3853,44.35455,194.1154,0.1558461,76.92355,100.1031,4.195395,201.6311659,201.3953,9.749882,1090.541599,1089.743,34.39236,87.81094,88.19234,1865.646,45.2873
3.309997,3.309997,1.001953,0.003582199,0.8474857,0.00064998,509.3247,44.3298,195.7761,0.1506892,76.90707,100.1123,4.200043,195.4324377,195.2,9.528784,1092.495816,1091.695,34.48765,87.80966,88.19057,1876.563,45.6317
3.319997,3.319997,1.003789,0.003319745,0.8516654,0.000613598,502.264,44.30539,197.3925,0.142708,76.8906,100.1213,4.204659,189.2572624,189.0281,9.310682,1094.387995,1093.585,34.58076,87.80832,88.18883,1887.499,45.97704
3.329997,3.329997,1.005568,0.003015217,0.8557153,0.000567867,495.2034,44.28131,198.9632,0.1324776,76.87413,100.1302,4.209239,183.106819,182.8808,9.095063,1096.219136,1095.414,34.67171,87.80692,88.1871,1898.453,46.32331
3.339997,3.339997,1.00729,0.002676348,0.8596354,0.000515093,488.1427,44.25757,200.4881,0.1205207,76.85765,100.1388,4.213781,176.9815909,176.7586,8.881488,1097.989241,1097.182,34.76052,87.80549,88.18539,1909.424,46.67047
3.349997,3.349997,1.008958,0.002325612,0.8634326,0.000456617,481.0821,44.23417,201.9681,0.1071413,76.84118,100.1472,4.218286,170.8809695,170.6609,8.669656,1099.698311,1098.889,34.84722,87.80404,88.18369,1920.413,47.01851
3.359997,3.359997,1.010569,0.001969784,0.8671,0.000396284,474.0215,44.2111,203.4008,0.09323741,76.82471,100.1554,4.222744,164.8068216,164.5896,8.458843,1101.346344,1100.535,34.93181,87.80257,88.182,1931.419,47.3674
3.369997,3.369997,1.012124,0.001630492,0.87064,0.000335247,466.9609,44.18837,204.7863,0.07908204,76.80823,100.1633,4.227155,158.7593409,158.5449,8.248819,1102.933342,1102.12,35.0143,87.8011,88.18033,1942.44,47.71713
3.379997,3.379997,1.013623,0.001311926,0.8740524,0.000277179,459.9003,44.16598,206.1239,0.06554706,76.79176,100.1709,4.231513,152.7390949,152.5274,8.038866,1104.460305,1103.645,35.09469,87.79966,88.17867,1953.476,48.06768
3.389997,3.389997,1.015067,0.001021908,0.8773397,0.000222774,452.8396,44.14393,207.4139,0.05280663,76.77528,100.1782,4.235819,146.7460786,146.5371,7.828787,1105.927231,1105.11,35.17298,87.79823,88.17703,1964.528,48.41901
3.399997,3.399997,1.016456,0.000771079,0.8805017,0.000173341,445.7791,44.12222,208.6559,0.04118184,76.75881,100.1852,4.240071,140.7809854,140.5747,7.61837,1107.33512,1106.516,35.24916,87.79684,88.17541,1975.593,48.77113
3.409997,3.409997,1.017792,0.000575401,0.8835431,0.000130658,438.7185,44.10084,209.8507,0.03110833,76.74233,100.1919,4.244268,134.8430997,134.6395,7.407197,1108.682973,1107.862,35.32323,87.79549,88.1738,1986.671,49.12399
3.419997,3.419997,1.019072,0.000432745,0.886457,9.74043E-05,431.6579,44.0798,210.9959,0.02323827,76.72586,100.1983,4.248403,128.934498,128.7336,7.19479,1109.971789,1109.149,35.39518,87.79419,88.1722,1997.763,49.47758
3.429997,3.429997,1.020298,0.000340752,0.889248,7.31859E-05,421.6087,44.05909,212.0925,0.01749344,76.70939,100.2043,4.252479,120.8725436,120.6756,6.8972,1111.18055,1110.356,35.46415,87.79295,88.17062,2008.866,49.83188
3.439997,3.439997,1.02145,0.000306293,0.8918706,5.75769E-05,407.0712,44.03875,213.121,0.01378569,76.69291,100.2099,4.256476,109.5733352,109.382,6.472547,1112.276231,1111.45,35.52887,87.79175,88.1691,2019.981,50.18684
3.449997,3.449997,1.022499,0.000329713,0.8942586,5.17125E-05,392.5337,44.01905,214.0524,0.01239994,76.67644,100.215,4.260373,98.33315629,98.14703,6.047324,1113.258833,1112.431,35.58934,87.7906,88.16759,2031.105,50.54243
3.459997,3.459997,1.023444,0.000400893,0.8964099,5.5626E-05,377.9962,44.00003,214.8855,0.01335545,76.65997,100.2195,4.264163,87.15362882,86.97214,5.621555,1114.130354,1113.301,35.64556,87.78951,88.16614,2042.238,50.89861
3.469997,3.469997,1.024287,0.000519354,0.898329,6.75912E-05,363.4586,43.98171,215.6214,0.01624573,76.64349,100.2234,4.267855,76.03468406,75.85696,5.195652,1114.890794,1114.06,35.69752,87.78847,88.16472,2053.379,51.25533
3.479997,3.479997,1.025028,0.000672023,0.9000158,8.75142E-05,348.9211,43.96409,216.2595,0.02105278,76.62701,100.2268,4.271446,64.97788315,64.80259,4.769657,1115.540152,1114.708,35.74522,87.78746,88.16333,2064.526,51.61254
3.489997,3.489997,1.025667,0.000857072,0.9014705,0.000113185,334.3836,43.94716,216.7997,0.02724681,76.61054,100.2296,4.274941,53.98479436,53.80973,4.344074,1116.079428,1115.246,35.78866,87.78648,88.16199,2075.678,51.97021
3.499997,3.499997,1.026204,0.001066617,0.902693,0.000144293,319.8461,43.93092,217.2415,0.03475222,76.59407,100.2319,4.27834,43.05790113,42.87918,3.919027,1116.509623,1115.675,35.82785,87.78553,88.16068,2086.835,52.32829
3.509997,3.509997,1.026642,0.001288021,0.9036901,0.000179512,305.3086,43.91538,217.5869,0.04324705,76.57759,100.2337,4.281647,32.20046999,32.01026,3.494785,1116.830735,1115.995,35.8628,87.7846,88.15942,2097.995,52.68674
3.519997,3.519997,1.026979,0.001512959,0.9044573,0.00021672,290.7711,43.90053,217.8346,0.05221606,76.56112,100.235,4.284865,21.42574079,21.20439,3.071842,1117.043765,1116.207,35.89352,87.78367,88.1582,2109.157,53.04552
3.529997,3.529997,1.027217,0.001733826,0.9049991,0.000254524,276.2336,43.88638,217.9859,0.06131841,76.54465,100.2358,4.287996,10.79170476,10.46116,2.650476,1117.149712,1116.312,35.92002,87.78274,88.15701,2120.32,53.40459
3.539997,3.539997,1.027356,0.001945251,0.9053155,0.000291652,261.6961,43.87292,218.0411,0.07024281,76.52818,100.2362,4.291043,-2.241671254,-0.219051,2.230943,1117.148577,1116.31,35.94233,87.7818,88.15586,2131.483,53.7639
3.549997,3.549997,1.027397,0.002132985,0.9054089,0.000327209,247.1586,43.86015,218.0007,0.07876886,76.5117,100.2361,4.294006,-10.98675719,-10.83606,1.81346,1117.041361,1116.202,35.96046,87.78085,88.15475,2142.645,54.12341
3.559997,3.559997,1.027341,0.002298872,0.9052814,0.000358806,232.6211,43.84808,217.8657,0.08631754,76.49522,100.2356,4.296893,-21.43576786,-21.3901,1.398487,1116.828064,1115.988,35.97445,87.77987,88.15368,2153.805,54.48309
3.569997,3.569997,1.027187,0.002428656,0.9049308,0.00038676,218.0836,43.8367,217.6359,0.09296273,76.47875,100.2346,4.299701,-31.89563314,-31.88039,0.9859752,1116.509687,1115.669,35.98431,87.77886,88.15265,2164.962,54.84288
3.579997,3.579997,1.026936,0.002528426,0.9043594,0.000408676,203.5461,43.82602,217.3122,0.09812821,76.46227,100.2332,4.302434,-42.31105619,-42.30713,0.5763915,1116.087229,1115.246,35.99007,87.77782,88.15165,2176.114,55.20275
3.589997,3.589997,1.026589,0.002593477,0.9035695,0.000425581,189.0085,43.81603,216.8961,0.1020616,76.4458,100.2314,4.305091,-52.67105271,-52.67078,0.169493,1115.560692,1114.719,35.99176,87.77675,88.15069,2187.261,55.56266
3.599997,3.599997,1.026147,0.002616719,0.9025633,0.00043668,178.9497,43.80673,216.3881,0.1045815,76.42933,100.2292,4.307675,-59.68448586,-59.68439,-0.106968,1114.964101,1114.122,35.99069,87.77563,88.14976,2198.402,55.92257
3.609997,3.609997,1.02564,0.002605666,0.9014091,0.000440767,171.8805,43.79807,215.8186,0.105408,76.41285,100.2268,4.310214,-64.46144811,-64.46077,-0.2956739,1114.319473,1113.477,35.98773,87.77449,88.14883,2209.537,56.28247
3.619997,3.619997,1.025088,0.00255998,0.9001524,0.000439092,164.8113,43.78976,215.207,0.1048471,76.39638,100.2242,4.312722,-69.20957212,-69.20789,-0.4825295,1113.627809,1112.785,35.9829,87.77331,88.14793,2220.665,56.64232
3.629997,3.629997,1.024494,0.002487371,0.8988002,0.00043159,157.7421,43.7818,214.5556,0.1028896,76.37991,100.2214,4.315204,-73.93032384,-73.92731,-0.6675473,1112.889109,1112.046,35.97622,87.77209,88.14705,2231.785,57.00211
3.639997,3.639997,1.023856,0.002388965,0.8973478,0.000419554,150.6728,43.77418,213.8637,0.09985045,76.36343,100.2185,4.317652,-78.6229254,-78.61832,-0.8509749,1112.103373,1111.26,35.96771,87.77086,88.14618,2242.898,57.36183
3.649997,3.649997,1.023175,0.0022655,0.8957975,0.000403165,143.6036,43.7669,213.1319,0.09577902,76.34695,100.2153,4.320071,-83.28767439,-83.28127,-1.032847,1111.270603,1110.427,35.95738,87.7696,88.14532,2254.002,57.72146
3.659997,3.659997,1.02245,0.002130003,0.894147,0.00038254,136.5343,43.75995,212.36,0.09070968,76.33048,100.2121,4.322459,-87.92436075,-87.91599,-1.213225,1110.391798,1109.548,35.94525,87.76832,88.14448,2265.098,58.08097
3.669997,3.669997,1.021683,0.001982571,0.892401,0.000359871,129.4651,43.75334,211.5499,0.08516787,76.31401,100.2086,4.324812,-92.53402847,-92.52355,-1.392523,1109.466958,1108.623,35.93133,87.76703,88.14365,2276.184,58.44035
3.679997,3.679997,1.020874,0.001830671,0.8905593,0.000335168,122.3958,43.74707,210.7016,0.07916026,76.29753,100.2049,4.327132,-97.11670393,-97.104,-1.570785,1108.496084,1107.652,35.91562,87.76573,88.14283,2287.26,58.79959
3.689997,3.689997,1.020022,0.001682173,0.8886197,0.000309689,115.3266,43.74113,209.815,0.07298762,76.28106,100.2011,4.329417,-101.6721308,-101.6571,-1.748201,1107.479177,1106.635,35.89814,87.76443,88.14204,2298.327,59.15866
3.699997,3.699997,1.019127,0.001542132,0.8865823,0.000284762,108.2573,43.73553,208.8905,0.06696503,76.26459,100.197,4.331664,-106.2003484,-106.1829,-1.925034,1106.417235,1105.573,35.87889,87.76315,88.14125,2309.382,59.51754
3.709997,3.709997,1.018191,0.001411089,0.8844514,0.000261241,101.188,43.73027,207.9298,0.06129363,76.24812,100.1928,4.333874,-110.7025481,-110.6826,-2.101481,1105.31026,1104.466,35.85788,87.76186,88.14048,2320.427,59.87623
3.719997,3.719997,1.017214,0.001295973,0.8822273,0.00023922,94.1187,43.72535,206.9332,0.05599402,76.23164,100.1883,4.336045,-115.1789205,-115.1564,-2.277555,1104.15825,1103.314,35.83511,87.76059,88.13971,2331.46,60.23469
3.729997,3.729997,1.016195,0.001201183,0.8799075,0.000219875,87.0494,43.72077,205.9004,0.05133991,76.21516,100.1836,4.338176,-119.6290618,-119.6039,-2.453473,1102.962205,1102.118,35.81057,87.75934,88.13898,2342.481,60.59292
3.739997,3.739997,1.015135,0.001128097,0.8774945,0.000203958,79.98008,43.71652,204.8329,0.04750276,76.19869,100.1787,4.340267,-124.0539677,-124.0261,-2.629339,1101.722126,1100.878,35.78428,87.75811,88.13824,2353.49,60.95089
3.749997,3.749997,1.014035,0.001076461,0.8749903,0.000191709,72.91076,43.71261,203.7316,0.04453322,76.18221,100.1735,4.342317,-128.454135,-128.4235,-2.805255,1100.438012,1099.594,35.75623,87.7569,88.13754,2364.486,61.3086
3.759997,3.759997,1.012893,0.001052999,0.8723906,0.000183093,65.84142,43.70904,202.5955,0.04241719,76.16574,100.1681,4.344326,-132.8287579,-132.7953,-2.981144,1099.109864,1098.266,35.72642,87.75572,88.13683,2375.469,61.66601
3.769997,3.769997,1.011712,0.00104946,0.869702,0.000179264,62.90343,43.70581,201.4268,0.04141706,76.14927,100.1626,4.346296,-134.1384109,-134.104,-3.038166,1097.768703,1096.925,35.69604,87.75455,88.13615,2386.438,62.02312
3.779997,3.779997,1.010518,0.001073733,0.8669839,0.000178825,60.42601,43.70282,200.2508,0.0412022,76.13279,100.1569,4.348248,-135.1032664,-135.0681,-3.082363,1096.417534,1095.574,35.66522,87.75343,88.13546,2397.394,62.37993
3.789997,3.789997,1.009315,0.001116315,0.8642453,0.000183129,57.94859,43.69996,199.0709,0.04207738,76.11632,100.1511,4.350185,-136.0650444,-136.0291,-3.127341,1095.057354,1094.214,35.63395,87.75231,88.13477,2408.336,62.73643
3.799997,3.799997,1.008103,0.001178687,0.8614861,0.000190567,55.47115,43.69721,197.8873,0.0436647,76.09985,100.1453,4.35211,-137.0240382,-136.9873,-3.172804,1093.687164,1092.844,35.60222,87.75122,88.1341,2419.264,63.09261
3.809997,3.809997,1.006882,0.001252237,0.8587065,0.000201403,52.99369,43.69458,196.6999,0.04601808,76.08337,100.1394,4.354023,-137.9800484,-137.9425,-3.218767,1092.307964,1091.465,35.57003,87.75014,88.13344,2430.179,63.44847
3.819997,3.819997,1.005652,0.001338546,0.8559065,0.000214171,50.51623,43.69207,195.5093,0.04879735,76.06689,100.1334,4.355927,-138.9334703,-138.8951,-3.265023,1090.918754,1090.076,35.53738,87.74907,88.13277,2441.08,63.80401
3.829997,3.829997,1.004414,0.001428898,0.8530881,0.000229149,48.03877,43.68968,194.3154,0.05206153,76.05042,100.1274,4.357819,-139.8844044,-139.8452,-3.311592,1089.520532,1088.678,35.50426,87.74802,88.13212,2451.967,64.15922
3.839997,3.839997,1.003166,0.001525228,0.8502471,0.000244849,45.56128,43.68741,193.1177,0.05546924,76.03395,100.1213,4.359702,-140.8322447,-140.7922,-3.358209,1088.112301,1087.27,35.47068,87.74696,88.13147,2462.839,64.51409
3.849997,3.849997,1.00191,0.001625391,0.8473878,0.000261606,43.08379,43.68526,191.9171,0.05909454,76.01747,100.1152,4.361576,-141.7778926,-141.737,-3.404946,1086.695058,1085.853,35.43663,87.74592,88.13083,2473.698,64.86863
3.859997,3.859997,1.000645,0.001717773,0.8445081,0.000279055,40.60629,43.68322,190.7133,0.06285284,76.001,100.109,4.363441,-142.7209466,-142.6792,-3.451735,1085.267806,1084.426,35.40211,87.74487,88.13019,2484.542,65.22282
3.869997,3.869997,0.9993702,0.001807601,0.841606,0.000295201,38.12878,43.68131,189.5059,0.06629512,75.98453,100.1028,4.365301,-143.6610981,-143.6185,-3.498224,1083.831542,1082.99,35.36713,87.74381,88.12956,2495.372,65.57667
3.879997,3.879997,0.9980872,0.001889697,0.8386852,0.000310941,35.65126,43.67951,188.2959,0.06962413,75.96806,100.0966,4.367154,-144.5990513,-144.5556,-3.544593,1082.385269,1081.544,35.33168,87.74275,88.12894,2506.188,65.93016
3.889997,3.889997,0.9967949,0.001955367,0.8357433,0.000325382,33.17372,43.67783,187.0826,0.07264148,75.95158,100.0903,4.369001,-145.5344019,-145.4901,-3.590675,1080.929984,1080.089,35.29577,87.74168,88.12832,2516.988,66.28329
3.899997,3.899997,0.9954941,0.002005693,0.832782,0.000337021,30.69618,43.67627,185.8667,0.07501524,75.9351,100.084,4.370845,-146.4677444,-146.4226,-3.636258,1079.465689,1078.625,35.25941,87.74059,88.12771,2527.774,66.63607
3.909997,3.909997,0.994185,0.00204917,0.8298019,0.000346037,28.21862,43.67483,184.6486,0.07679037,75.91863,100.0777,4.372684,-147.3990787,-147.3531,-3.681349,1077.991385,1077.151,35.2226,87.7395,88.12711,2538.546,66.98848
3.919997,3.919997,0.9928664,0.002077354,0.8268001,0.00035389,25.74106,43.67351,183.4271,0.0782952,75.90215,100.0714,4.374519,-148.3278107,-148.281,-3.726185,1076.50807,1075.668,35.18534,87.7384,88.12651,2549.302,67.34052
3.929997,3.929997,0.9915394,0.002083533,0.8237792,0.000359116,23.56341,43.6723,182.2036,0.07920951,75.88568,100.065,4.376349,-149.0336852,-148.9862,-3.761854,1075.017747,1074.178,35.14772,87.73727,88.12592,2560.044,67.69218
3.939997,3.939997,0.9902057,0.002075077,0.820743,0.000360546,22.58785,43.67122,180.9793,0.07928269,75.86921,100.0586,4.378179,-148.8533448,-148.8058,-3.761932,1073.529423,1072.69,35.1101,87.73613,88.12533,2570.771,68.04347
3.949997,3.949997,0.9888738,0.002051716,0.8177109,0.000359441,21.6123,43.6702,179.7617,0.07879924,75.85274,100.0523,4.380013,-148.6776962,-148.6301,-3.761744,1072.043098,1071.204,35.07248,87.73498,88.12474,2581.483,68.39439
3.959997,3.959997,0.9875435,0.00202321,0.8146825,0.000355749,20.63673,43.66923,178.5508,0.07775233,75.83626,100.046,4.381853,-148.5068398,-148.4592,-3.761303,1070.557773,1069.719,35.03487,87.73381,88.12415,2592.18,68.74493
3.969997,3.969997,0.9862139,0.001980045,0.8116557,0.000351156,19.66115,43.6683,177.3456,0.07651459,75.81979,100.0397,4.383696,-148.3400822,-148.2924,-3.760864,1069.074446,1068.236,34.99726,87.73264,88.12357,2602.863,69.09509
3.979997,3.979997,0.9848862,0.001929192,0.8086332,0.000344005,18.68557,43.66743,176.1471,0.07472821,75.80331,100.0334,4.385542,-148.1781171,-148.1304,-3.760185,1067.593119,1066.755,34.95966,87.73146,88.12298,2613.53,69.44487
3.989997,3.989997,0.98356,0.001873185,0.8056141,0.000335502,17.70997,43.6666,174.9549,0.07265893,75.78683,100.0272,4.387393,-148.0206494,-147.9729,-3.759457,1066.112792,1065.275,34.92207,87.73027,88.12239,2624.183,69.79428
3.999997,3.999997,0.9822347,0.001809328,0.8025971,0.000326084,16.73437,43.66581,173.7686,0.07040407,75.77036,100.0209,4.389244,-147.8674806,-147.8197,-3.758739,1064.634464,1063.797,34.88448,87.72907,88.1218,2634.821,70.14331
4.009997,4.009997,0.980911,0.001747147,0.7995837,0.000315278,15.75871,43.66508,172.5887,0.06786352,75.75389,100.0147,4.3911,-147.7189092,-147.6711,-3.757974,1063.157136,1062.32,34.8469,87.72788,88.12122,2645.444,70.49197
4.019997,4.019997,0.979588,0.001684084,0.7965719,0.000304743,14.78306,43.66439,171.4144,0.06539574,75.73741,100.0085,4.392955,-147.5742412,-147.5264,-3.757389,1061.681807,1060.845,34.80933,87.72668,88.12064,2656.053,70.84025
4.029997,4.029997,0.9782667,0.001622077,0.793564,0.000294032,13.8074,43.66375,170.2465,0.06290475,75.72094,100.0023,4.394813,-147.4342759,-147.3864,-3.756967,1060.207477,1059.371,34.77176,87.72549,88.12006,2666.646,71.18816
4.039998,4.039998,0.9769464,0.001568163,0.7905583,0.000283483,12.83172,43.66315,169.0844,0.06046294,75.70447,99.99607,4.396671,-147.2985136,-147.2506,-3.756716,1058.734148,1057.898,34.73419,87.7243,88.11948,2677.225,71.53568
4.049998,4.049998,0.9756266,0.001519563,0.7875538,0.000274329,11.85603,43.6626,167.9278,0.05833196,75.68799,99.98985,4.398527,-147.1665596,-147.1186,-3.756834,1057.262817,1056.427,34.69662,87.72312,88.11889,2687.79,71.88284
4.059998,4.059998,0.9743086,0.001478843,0.7845533,0.000266087,10.88033,43.6621,166.7775,0.05640665,75.67152,99.98363,4.400383,-147.0392127,-146.9912,-3.757284,1055.792485,1054.957,34.65905,87.72195,88.11831,2698.339,72.22961
4.069998,4.069998,0.9729914,0.001445591,0.7815548,0.00025921,9.90462,43.66165,165.6328,0.05478081,75.65504,99.97741,4.402238,-146.9157735,-146.8677,-3.758083,1054.323153,1053.488,34.62147,87.72077,88.11772,2708.874,72.57602
4.079998,4.079998,0.9716749,0.001417481,0.7785577,0.000253628,8.928906,43.66124,164.4936,0.05343751,75.63857,99.97118,4.404093,-146.7963421,-146.7482,-3.759235,1052.85582,1052.021,34.58388,87.71961,88.11715,2719.394,72.92204
4.089999,4.089999,0.9703602,0.001403187,0.7755648,0.000248939,7.953169,43.66088,163.3607,0.0522891,75.62209,99.96495,4.405947,-146.6814169,-146.6332,-3.76068,1051.389485,1050.555,34.54628,87.71847,88.11657,2729.9,73.26769
4.099999,4.099999,0.9690462,0.001395428,0.7725735,0.000246668,7.239048,43.66056,162.2333,0.05165382,75.60562,99.95871,4.407799,-146.3776706,-146.3295,-3.754982,1049.926151,1049.092,34.50873,87.71732,88.116,2740.391,73.61297
4.109999,4.109999,0.9677348,0.001400624,0.7695881,0.000245542,6.91756,43.66029,161.1127,0.05126137,75.58914,99.95247,4.409651,-145.7895309,-145.7416,-3.738095,1048.468819,1047.635,34.47135,87.7162,88.11543,2750.867,73.95787
4.119999,4.119999,0.9664287,0.001414053,0.7666148,0.000246694,6.596058,43.66005,160.0014,0.0513453,75.57267,99.94624,4.411505,-145.2081036,-145.1604,-3.721776,1047.01649,1046.183,34.43414,87.71508,88.11485,2761.329,74.3024
4.13,4.13,0.9651271,0.001432467,0.7636517,0.000249298,6.274545,43.65981,158.8984,0.05173007,75.5562,99.94001,4.41336,-144.6327852,-144.5853,-3.705884,1045.570163,1044.737,34.39708,87.71397,88.11427,2771.776,74.64655
4.14,4.14,0.963831,0.001463622,0.7607011,0.000252786,5.95302,43.6596,157.8045,0.05229518,75.53972,99.93381,4.415219,-144.0641732,-144.0169,-3.690326,1044.129838,1043.297,34.36018,87.71287,88.11369,2782.209,74.99034
4.15,4.15,0.9625401,0.001501644,0.7577624,0.00025853,5.631482,43.65939,156.7194,0.05332195,75.52325,99.92762,4.417081,-143.5018735,-143.4548,-3.675329,1042.694515,1041.862,34.32343,87.71178,88.11311,2792.628,75.33376
4.16,4.16,0.9612538,0.001537656,0.7548341,0.000265498,5.309944,43.65921,155.6425,0.05459418,75.50677,99.92143,4.418943,-142.9457809,-142.8989,-3.660692,1041.265194,1040.433,34.28682,87.71068,88.11253,2803.032,75.6768
4.170001,4.170001,0.9599728,0.001578343,0.751918,0.000272122,4.988382,43.65903,154.5745,0.05578819,75.4903,99.91528,4.420812,-142.3960905,-142.3494,-3.646218,1039.841874,1039.01,34.25036,87.70959,88.11196,2813.422,76.01949
4.180001,4.180001,0.9586974,0.001618851,0.7490145,0.000279584,4.66682,43.65888,153.5153,0.05714635,75.47382,99.90915,4.422683,-141.8529059,-141.8064,-3.632058,1038.423556,1037.592,34.21404,87.70851,88.11139,2823.798,76.36182
4.190001,4.190001,0.9574262,0.001666263,0.7461206,0.000287028,4.345245,43.65874,152.464,0.05849236,75.45735,99.90304,4.424559,-141.315424,-141.2691,-3.618073,1037.01024,1036.179,34.17786,87.70743,88.11082,2834.16,76.70377
4.200001,4.200001,0.9561597,0.001703987,0.7432374,0.000295709,4.023658,43.65862,151.4207,0.06008178,75.44087,99.89693,4.426436,-140.7838496,-140.7377,-3.604455,1035.602925,1034.772,34.14182,87.70634,88.11024,2844.508,77.04537
4.210001,4.210001,0.9548984,0.00174105,0.7403661,0.000302684,3.702071,43.65851,150.386,0.06131588,75.4244,99.89088,4.428322,-140.2585714,-140.2126,-3.590774,1034.200612,1033.37,34.10591,87.70525,88.10966,2854.842,77.38661
4.220002,4.220002,0.9536416,0.001777644,0.737505,0.000309552,3.380458,43.65842,149.359,0.06252103,75.40793,99.88483,4.43021,-139.7389955,-139.6932,-3.577253,1032.803301,1031.973,34.07014,87.70417,88.10909,2865.161,77.72749
4.230002,4.230002,0.9523894,0.001806497,0.7346544,0.000316348,3.058847,43.65834,148.34,0.06370433,75.39145,99.87882,4.432104,-139.2251221,-139.1795,-3.563902,1031.410991,1030.581,34.0345,87.70308,88.10852,2875.467,78.06802
4.240002,4.240002,0.9511415,0.001835327,0.7318135,0.000321777,2.737224,43.65828,147.3285,0.06460579,75.37498,99.87283,4.434001,-138.716846,-138.6714,-3.550519,1030.023684,1029.194,33.999,87.70199,88.10794,2885.759,78.40818
4.250002,4.250002,0.9498982,0.001856106,0.7289832,0.000327209,2.415588,43.65823,146.3247,0.06550266,75.3585,99.86687,4.435905,-138.2142726,-138.169,-3.537315,1028.641378,1027.812,33.96363,87.70088,88.10737,2896.037,78.74799
